"CUST_ID","ORDER_ID","ORDER_DATETIME","DAYS_ELAPSED_TMAX","DAYS_FROM_CUST_LAST_ORDER","REVENUE","QUANTITY","STORE_ID","PRODUCT_ID","ORDER_STATUS","SHIPMENT_STATUS"
1,159,"2021-04-20 12:51:57",357,271,39.16,2,1,8,"COMPLETE","DELIVERED"
1,182,"2021-04-26 03:56:02",351,265,41.32,4,1,23,"COMPLETE","DELIVERED"
1,182,"2021-04-26 03:56:02",351,265,56.42,2,1,20,"COMPLETE","DELIVERED"
1,201,"2021-04-29 11:48:01",348,262,98.24,2,1,36,"COMPLETE","DELIVERED"
1,201,"2021-04-29 11:48:01",348,262,57.36,4,1,19,"COMPLETE","DELIVERED"
1,1390,"2021-12-31 15:47:26",102,16,20.48,2,1,28,"COMPLETE","DELIVERED"
1,1390,"2021-12-31 15:47:26",102,16,42.32,2,1,9,"COMPLETE","DELIVERED"
1,1390,"2021-12-31 15:47:26",102,16,20.96,2,1,12,"COMPLETE","DELIVERED"
1,1491,"2022-01-16 08:12:31",86,0,20.96,2,1,12,"COMPLETE","DELIVERED"
2,5,"2021-02-11 18:01:30",425,210,136.24,4,1,40,"COMPLETE","DELIVERED"
2,5,"2021-02-11 18:01:30",425,210,16.95,3,1,32,"COMPLETE","DELIVERED"
2,765,"2021-09-09 08:32:41",215,0,116.6,5,2,34,"COMPLETE",
2,765,"2021-09-09 08:32:41",215,0,63.2,5,2,13,"COMPLETE",
3,1,"2021-02-04 13:20:22",432,350,148,4,1,33,"CANCELLED",
3,1,"2021-02-04 13:20:22",432,350,61.38,2,1,11,"CANCELLED",
3,20,"2021-03-01 10:07:32",407,325,42.32,2,3,9,"COMPLETE",
3,20,"2021-03-01 10:07:32",407,325,159.64,4,3,27,"COMPLETE",
3,20,"2021-03-01 10:07:32",407,325,11.3,2,3,32,"COMPLETE",
3,63,"2021-03-22 06:17:24",386,304,96.78,2,1,24,"COMPLETE","DELIVERED"
3,63,"2021-03-22 06:17:24",386,304,57.48,3,1,7,"COMPLETE","DELIVERED"
3,298,"2021-05-24 20:30:09",323,241,49.92,3,1,43,"COMPLETE","DELIVERED"
3,298,"2021-05-24 20:30:09",323,241,84.64,4,1,9,"COMPLETE","DELIVERED"
3,307,"2021-05-27 04:27:28",320,238,91.92,4,1,38,"COMPLETE","DELIVERED"
3,307,"2021-05-27 04:27:28",320,238,43.02,3,1,19,"COMPLETE","DELIVERED"
3,544,"2021-07-27 05:27:59",259,177,147.55,5,1,37,"COMPLETE","DELIVERED"
3,544,"2021-07-27 05:27:59",259,177,76.56,2,1,6,"COMPLETE","DELIVERED"
3,544,"2021-07-27 05:27:59",259,177,119.73,3,1,27,"COMPLETE","DELIVERED"
3,608,"2021-08-11 18:57:30",244,162,21.54,3,1,35,"COMPLETE","DELIVERED"
3,608,"2021-08-11 18:57:30",244,162,51.65,5,1,23,"COMPLETE","DELIVERED"
3,608,"2021-08-11 18:57:30",244,162,69.85,5,1,15,"COMPLETE","DELIVERED"
3,766,"2021-09-09 11:33:57",215,133,31.44,3,1,12,"COMPLETE","DELIVERED"
3,832,"2021-09-22 10:12:29",202,120,117.96,4,3,10,"COMPLETE",
3,832,"2021-09-22 10:12:29",202,120,84.64,4,3,9,"COMPLETE",
3,1520,"2022-01-20 23:42:12",82,0,50.56,4,1,13,"COMPLETE","DELIVERED"
3,1520,"2022-01-20 23:42:12",82,0,110.56,4,1,46,"COMPLETE","DELIVERED"
3,1520,"2022-01-20 23:42:12",82,0,37,1,1,33,"COMPLETE","DELIVERED"
4,453,"2021-07-02 23:08:52",284,195,59.1,2,4,2,"COMPLETE",
4,453,"2021-07-02 23:08:52",284,195,49.92,3,4,43,"COMPLETE",
4,506,"2021-07-17 21:52:33",269,180,97.84,4,1,18,"COMPLETE","DELIVERED"
4,506,"2021-07-17 21:52:33",269,180,115.02,3,1,21,"COMPLETE","DELIVERED"
4,585,"2021-08-05 21:58:27",250,161,57.18,2,1,31,"COMPLETE","DELIVERED"
4,585,"2021-08-05 21:58:27",250,161,74.13,3,1,29,"COMPLETE","DELIVERED"
4,585,"2021-08-05 21:58:27",250,161,118.04,4,1,37,"COMPLETE","DELIVERED"
4,672,"2021-08-23 12:33:23",232,143,156.64,4,4,46,"COMPLETE",
4,920,"2021-10-10 04:55:19",184,95,176.68,4,4,4,"COMPLETE",
4,920,"2021-10-10 04:55:19",184,95,17.32,2,4,41,"COMPLETE",
4,1455,"2022-01-11 14:35:59",91,2,30.99,3,1,23,"COMPLETE","DELIVERED"
4,1455,"2022-01-11 14:35:59",91,2,95.04,3,1,45,"COMPLETE","DELIVERED"
4,1468,"2022-01-13 01:22:50",89,0,126.72,4,1,45,"COMPLETE","DELIVERED"
4,1468,"2022-01-13 01:22:50",89,0,88.65,3,1,2,"COMPLETE","DELIVERED"
5,306,"2021-05-27 03:20:25",320,96,30.72,3,5,28,"COMPLETE",
5,331,"2021-06-03 13:25:06",313,89,46.64,2,1,34,"COMPLETE","DELIVERED"
5,707,"2021-08-31 05:08:24",224,0,73.38,3,1,18,"COMPLETE","DELIVERED"
6,204,"2021-04-30 11:39:15",347,255,20.96,2,1,12,"COMPLETE","DELIVERED"
6,204,"2021-04-30 11:39:15",347,255,148,4,1,33,"COMPLETE","DELIVERED"
6,769,"2021-09-09 13:45:17",215,123,20.22,2,1,42,"REFUNDED","DELIVERED"
6,972,"2021-10-19 13:08:36",175,83,119.73,3,6,27,"COMPLETE",
6,972,"2021-10-19 13:08:36",175,83,41.32,4,6,23,"COMPLETE",
6,1058,"2021-11-03 14:53:59",160,68,29.55,1,6,2,"COMPLETE",
6,1058,"2021-11-03 14:53:59",160,68,65.45,5,6,16,"COMPLETE",
6,1058,"2021-11-03 14:53:59",160,68,23.32,1,6,34,"COMPLETE",
6,1111,"2021-11-12 23:38:06",151,59,12.64,1,1,13,"COMPLETE","DELIVERED"
6,1111,"2021-11-12 23:38:06",151,59,34.64,4,1,41,"COMPLETE","DELIVERED"
6,1450,"2022-01-10 18:52:30",92,0,132.51,3,1,4,"COMPLETE","DELIVERED"
7,862,"2021-09-29 01:30:09",195,177,148,4,7,33,"COMPLETE",
7,862,"2021-09-29 01:30:09",195,177,10.33,1,7,23,"COMPLETE",
7,950,"2021-10-15 17:58:32",179,161,41.32,4,1,23,"COMPLETE","DELIVERED"
7,950,"2021-10-15 17:58:32",179,161,119.34,3,1,22,"COMPLETE","DELIVERED"
7,1121,"2021-11-15 10:21:03",148,130,159.64,4,1,27,"COMPLETE","DELIVERED"
7,1555,"2022-01-24 15:17:49",78,60,46.64,2,7,34,"COMPLETE",
7,1555,"2022-01-24 15:17:49",78,60,79.78,2,7,17,"COMPLETE",
7,1890,"2022-03-25 23:31:58",18,0,88.65,3,7,2,"COMPLETE",
7,1890,"2022-03-25 23:31:58",18,0,117.48,3,7,46,"COMPLETE",
8,196,"2021-04-28 16:53:48",349,316,41.32,4,1,23,"COMPLETE","DELIVERED"
8,196,"2021-04-28 16:53:48",349,316,50.01,3,1,3,"COMPLETE","DELIVERED"
8,240,"2021-05-08 00:27:09",339,306,159.56,4,1,17,"COMPLETE","DELIVERED"
8,240,"2021-05-08 00:27:09",339,306,20.96,2,1,12,"COMPLETE","DELIVERED"
8,430,"2021-06-26 19:51:51",290,257,48.92,2,1,18,"COMPLETE","DELIVERED"
8,430,"2021-06-26 19:51:51",290,257,69.85,5,1,15,"COMPLETE","DELIVERED"
8,993,"2021-10-23 21:12:34",171,138,57.36,4,1,19,"COMPLETE","DELIVERED"
8,993,"2021-10-23 21:12:34",171,138,28.72,4,1,35,"COMPLETE","DELIVERED"
8,993,"2021-10-23 21:12:34",171,138,104.56,4,1,14,"COMPLETE","DELIVERED"
8,1082,"2021-11-07 16:25:22",156,123,119.34,3,8,22,"COMPLETE",
8,1082,"2021-11-07 16:25:22",156,123,56.42,2,8,20,"COMPLETE",
8,1543,"2022-01-23 11:49:58",79,46,38.34,1,1,21,"COMPLETE","DELIVERED"
8,1543,"2022-01-23 11:49:58",79,46,146.25,3,1,26,"COMPLETE","DELIVERED"
8,1543,"2022-01-23 11:49:58",79,46,122.76,4,1,11,"COMPLETE","DELIVERED"
8,1561,"2022-01-25 07:56:53",77,44,16.64,1,8,43,"COMPLETE",
8,1561,"2022-01-25 07:56:53",77,44,57.48,3,8,7,"COMPLETE",
8,1817,"2022-03-10 21:54:25",33,0,69.96,3,8,34,"COMPLETE",
8,1817,"2022-03-10 21:54:25",33,0,40.44,4,8,42,"COMPLETE",
8,1817,"2022-03-10 21:54:25",33,0,39.78,1,8,22,"COMPLETE",
9,7,"2021-02-22 00:57:11",414,291,196.48,4,1,36,"COMPLETE","DELIVERED"
9,7,"2021-02-22 00:57:11",414,291,24.71,1,1,29,"COMPLETE","DELIVERED"
9,928,"2021-10-11 04:03:45",183,60,41.92,4,1,12,"COMPLETE","DELIVERED"
9,928,"2021-10-11 04:03:45",183,60,28.72,4,1,35,"COMPLETE","DELIVERED"
9,928,"2021-10-11 04:03:45",183,60,33.34,2,1,3,"COMPLETE","DELIVERED"
9,968,"2021-10-18 11:26:07",176,53,21.54,3,1,35,"COMPLETE","DELIVERED"
9,968,"2021-10-18 11:26:07",176,53,74.68,2,1,30,"COMPLETE","DELIVERED"
9,968,"2021-10-18 11:26:07",176,53,37.92,3,1,13,"COMPLETE","DELIVERED"
9,1102,"2021-11-11 09:21:21",152,29,52.28,2,9,14,"COMPLETE",
9,1102,"2021-11-11 09:21:21",152,29,22,2,9,39,"COMPLETE",
9,1102,"2021-11-11 09:21:21",152,29,88.47,3,9,10,"COMPLETE",
9,1260,"2021-12-10 00:17:10",123,0,174.84,4,9,5,"COMPLETE",
9,1260,"2021-12-10 00:17:10",123,0,112.02,3,9,30,"COMPLETE",
10,437,"2021-06-28 05:37:34",288,240,88.53,3,1,37,"COMPLETE","DELIVERED"
10,437,"2021-06-28 05:37:34",288,240,141.05,5,1,20,"COMPLETE","DELIVERED"
10,943,"2021-10-14 03:37:42",180,132,76.56,2,1,6,"COMPLETE","DELIVERED"
10,986,"2021-10-22 05:59:46",172,124,130.7,5,10,14,"COMPLETE",
10,986,"2021-10-22 05:59:46",172,124,31.44,3,10,12,"COMPLETE",
10,1525,"2022-01-21 13:17:54",81,33,102.18,3,1,40,"COMPLETE","DELIVERED"
10,1525,"2022-01-21 13:17:54",81,33,159.56,4,1,17,"COMPLETE","DELIVERED"
10,1730,"2022-02-23 02:34:28",48,0,84.63,3,10,20,"COMPLETE",
10,1730,"2022-02-23 02:34:28",48,0,92.07,3,10,11,"COMPLETE",
11,761,"2021-09-08 19:31:00",216,150,59.1,2,1,2,"COMPLETE","DELIVERED"
11,761,"2021-09-08 19:31:00",216,150,111,3,1,33,"COMPLETE","DELIVERED"
11,960,"2021-10-17 08:14:25",177,111,48.39,1,1,24,"COMPLETE","DELIVERED"
11,960,"2021-10-17 08:14:25",177,111,49.92,3,1,43,"COMPLETE","DELIVERED"
11,960,"2021-10-17 08:14:25",177,111,97.5,2,1,26,"COMPLETE","DELIVERED"
11,1321,"2021-12-19 17:28:34",114,48,29.51,1,1,37,"COMPLETE","DELIVERED"
11,1321,"2021-12-19 17:28:34",114,48,33.28,2,1,43,"COMPLETE","DELIVERED"
11,1321,"2021-12-19 17:28:34",114,48,117.48,3,1,46,"COMPLETE","DELIVERED"
11,1635,"2022-02-05 13:18:25",66,0,98.24,2,11,36,"COMPLETE",
11,1635,"2022-02-05 13:18:25",66,0,176.68,4,11,4,"COMPLETE",
11,1635,"2022-02-05 13:18:25",66,0,13.97,1,11,15,"COMPLETE",
12,125,"2021-04-10 12:41:39",367,302,44,4,1,39,"COMPLETE","DELIVERED"
12,125,"2021-04-10 12:41:39",367,302,79.56,2,1,22,"COMPLETE","DELIVERED"
12,839,"2021-09-24 00:55:09",200,135,68.94,3,12,38,"COMPLETE",
12,839,"2021-09-24 00:55:09",200,135,95.8,5,12,7,"COMPLETE",
12,1637,"2022-02-06 02:16:49",65,0,19.6,2,1,25,"COMPLETE","DELIVERED"
13,82,"2021-03-30 00:19:54",378,293,29.49,1,1,10,"COMPLETE","DELIVERED"
13,82,"2021-03-30 00:19:54",378,293,76.68,2,1,21,"COMPLETE","DELIVERED"
13,1052,"2021-11-02 04:10:21",161,76,111,3,1,33,"COMPLETE","DELIVERED"
13,1052,"2021-11-02 04:10:21",161,76,196.48,4,1,36,"COMPLETE","DELIVERED"
13,1052,"2021-11-02 04:10:21",161,76,157.28,4,1,44,"COMPLETE","DELIVERED"
13,1418,"2022-01-05 04:26:48",97,12,57.18,2,13,31,"COMPLETE",
13,1418,"2022-01-05 04:26:48",97,12,95.04,3,13,45,"COMPLETE",
13,1498,"2022-01-17 05:36:16",85,0,26.18,2,13,16,"COMPLETE",
13,1498,"2022-01-17 05:36:16",85,0,174.84,4,13,5,"COMPLETE",
14,79,"2021-03-29 03:35:02",379,302,46.64,2,1,34,"COMPLETE","DELIVERED"
14,79,"2021-03-29 03:35:02",379,302,132.51,3,1,4,"COMPLETE","DELIVERED"
14,79,"2021-03-29 03:35:02",379,302,78.32,4,1,8,"COMPLETE","DELIVERED"
14,349,"2021-06-09 07:20:12",307,230,153.45,5,1,11,"COMPLETE","DELIVERED"
14,349,"2021-06-09 07:20:12",307,230,41.92,4,1,12,"COMPLETE","DELIVERED"
14,808,"2021-09-17 15:02:22",207,130,33,3,1,39,"COMPLETE","DELIVERED"
14,808,"2021-09-17 15:02:22",207,130,37.92,3,1,13,"COMPLETE","DELIVERED"
14,1119,"2021-11-15 08:31:40",148,71,29.4,3,14,25,"COMPLETE",
14,1119,"2021-11-15 08:31:40",148,71,84.64,4,14,9,"COMPLETE",
14,1119,"2021-11-15 08:31:40",148,71,63.36,2,14,45,"COMPLETE",
14,1169,"2021-11-24 15:11:55",139,62,42.32,2,1,9,"COMPLETE","DELIVERED"
14,1169,"2021-11-24 15:11:55",139,62,198.9,5,1,22,"COMPLETE","DELIVERED"
14,1191,"2021-11-30 02:08:39",133,56,74,2,1,33,"COMPLETE","DELIVERED"
14,1191,"2021-11-30 02:08:39",133,56,78.42,3,1,14,"COMPLETE","DELIVERED"
14,1191,"2021-11-30 02:08:39",133,56,102.18,3,1,40,"COMPLETE","DELIVERED"
14,1471,"2022-01-13 06:25:29",89,12,114.84,3,14,6,"COMPLETE",
14,1471,"2022-01-13 06:25:29",89,12,52.28,2,14,14,"COMPLETE",
14,1483,"2022-01-14 19:04:58",88,11,30.99,3,14,23,"COMPLETE",
14,1483,"2022-01-14 19:04:58",88,11,26.14,1,14,14,"COMPLETE",
14,1483,"2022-01-14 19:04:58",88,11,195.8,5,14,46,"COMPLETE",
14,1560,"2022-01-25 05:33:55",77,0,97.9,5,1,8,"COMPLETE","DELIVERED"
14,1560,"2022-01-25 05:33:55",77,0,38.34,1,1,21,"COMPLETE","DELIVERED"
15,290,"2021-05-23 13:08:48",324,237,122.76,4,1,11,"COMPLETE","DELIVERED"
15,290,"2021-05-23 13:08:48",324,237,199.55,5,1,27,"COMPLETE","DELIVERED"
15,290,"2021-05-23 13:08:48",324,237,45.96,2,1,38,"COMPLETE","DELIVERED"
15,513,"2021-07-19 18:56:11",267,180,88.34,2,1,4,"COMPLETE","DELIVERED"
15,513,"2021-07-19 18:56:11",267,180,28.68,2,1,19,"COMPLETE","DELIVERED"
15,513,"2021-07-19 18:56:11",267,180,92.07,3,1,11,"COMPLETE","DELIVERED"
15,1195,"2021-11-30 17:42:24",133,46,12.64,1,1,13,"COMPLETE","DELIVERED"
15,1400,"2022-01-02 05:48:13",100,13,153.45,5,15,11,"COMPLETE",
15,1400,"2022-01-02 05:48:13",100,13,191.4,5,15,6,"COMPLETE",
15,1486,"2022-01-15 15:31:29",87,0,98.24,2,15,36,"COMPLETE",
15,1486,"2022-01-15 15:31:29",87,0,117.96,3,15,44,"COMPLETE",
15,1486,"2022-01-15 15:31:29",87,0,130.7,5,15,14,"COMPLETE",
16,17,"2021-02-27 07:47:46",409,317,195,4,1,26,"COMPLETE","DELIVERED"
16,17,"2021-02-27 07:47:46",409,317,156.64,4,1,46,"COMPLETE","DELIVERED"
16,401,"2021-06-21 09:51:46",295,203,30.72,3,1,28,"COMPLETE","DELIVERED"
16,401,"2021-06-21 09:51:46",295,203,20.96,2,1,12,"COMPLETE","DELIVERED"
16,687,"2021-08-27 11:04:59",228,136,25.28,2,1,13,"COMPLETE","DELIVERED"
16,687,"2021-08-27 11:04:59",228,136,20.22,2,1,42,"COMPLETE","DELIVERED"
16,1373,"2021-12-29 02:22:56",104,12,159.56,4,16,17,"COMPLETE",
16,1373,"2021-12-29 02:22:56",104,12,98.84,4,16,29,"COMPLETE",
16,1437,"2022-01-08 08:04:31",94,2,50.01,3,16,3,"COMPLETE",
16,1439,"2022-01-08 15:48:25",94,2,110.56,4,1,46,"COMPLETE","DELIVERED"
16,1439,"2022-01-08 15:48:25",94,2,63.48,3,1,9,"COMPLETE","DELIVERED"
16,1448,"2022-01-10 18:05:40",92,0,59.1,2,1,2,"COMPLETE","DELIVERED"
16,1451,"2022-01-10 19:06:48",92,0,28.72,4,16,35,"COMPLETE",
16,1451,"2022-01-10 19:06:48",92,0,147.45,5,16,10,"COMPLETE",
17,92,"2021-04-01 08:20:52",376,298,13.97,1,1,15,"COMPLETE","DELIVERED"
17,132,"2021-04-12 01:14:57",365,287,117.96,4,1,10,"COMPLETE","DELIVERED"
17,132,"2021-04-12 01:14:57",365,287,122.76,4,1,11,"COMPLETE","DELIVERED"
17,132,"2021-04-12 01:14:57",365,287,57.18,2,1,31,"COMPLETE","DELIVERED"
17,899,"2021-10-06 20:37:49",188,110,57.18,2,1,31,"COMPLETE","DELIVERED"
17,1200,"2021-11-30 23:19:54",133,55,71.7,5,1,19,"COMPLETE","DELIVERED"
17,1200,"2021-11-30 23:19:54",133,55,119.73,3,1,27,"COMPLETE","DELIVERED"
17,1200,"2021-11-30 23:19:54",133,55,76.64,4,1,7,"COMPLETE","DELIVERED"
17,1552,"2022-01-24 12:09:14",78,0,46.64,2,17,34,"COMPLETE",
18,3,"2021-02-09 23:17:07",427,366,43.3,5,1,41,"COMPLETE","DELIVERED"
18,1348,"2021-12-24 07:53:12",109,48,20.66,2,18,23,"COMPLETE",
18,1348,"2021-12-24 07:53:12",109,48,57.18,2,18,31,"COMPLETE",
18,1348,"2021-12-24 07:53:12",109,48,83.35,5,18,3,"COMPLETE",
18,1659,"2022-02-10 01:15:53",61,0,78.42,3,18,14,"COMPLETE",
19,760,"2021-09-08 18:15:42",216,168,28.21,1,1,20,"COMPLETE","DELIVERED"
19,760,"2021-09-08 18:15:42",216,168,195.8,5,1,46,"COMPLETE","DELIVERED"
19,1363,"2021-12-27 08:55:56",106,58,52.28,2,1,14,"COMPLETE","DELIVERED"
19,1363,"2021-12-27 08:55:56",106,58,122.76,4,1,11,"COMPLETE","DELIVERED"
19,1549,"2022-01-24 04:24:15",78,30,52.28,2,1,14,"COMPLETE","DELIVERED"
19,1549,"2022-01-24 04:24:15",78,30,66.56,4,1,43,"COMPLETE","DELIVERED"
19,1731,"2022-02-23 20:53:32",48,0,22,2,19,39,"COMPLETE",
19,1731,"2022-02-23 20:53:32",48,0,115.02,3,19,21,"COMPLETE",
20,78,"2021-03-28 09:56:00",380,346,105.8,5,1,9,"COMPLETE","DELIVERED"
20,78,"2021-03-28 09:56:00",380,346,7.18,1,1,35,"COMPLETE","DELIVERED"
20,78,"2021-03-28 09:56:00",380,346,66.68,4,1,3,"COMPLETE","DELIVERED"
20,1513,"2022-01-20 04:13:26",82,48,98.24,2,1,36,"COMPLETE","DELIVERED"
20,1513,"2022-01-20 04:13:26",82,48,157.28,4,1,44,"COMPLETE","DELIVERED"
20,1513,"2022-01-20 04:13:26",82,48,43.71,1,1,5,"COMPLETE","DELIVERED"
20,1776,"2022-03-03 23:01:32",40,6,23.32,1,20,34,"COMPLETE",
20,1776,"2022-03-03 23:01:32",40,6,19.6,2,20,25,"COMPLETE",
20,1776,"2022-03-03 23:01:32",40,6,56.42,2,20,20,"COMPLETE",
20,1808,"2022-03-09 10:33:24",34,0,52.28,2,20,14,"COMPLETE",
21,1134,"2021-11-18 07:46:53",145,114,145.17,3,1,24,"COMPLETE","DELIVERED"
21,1134,"2021-11-18 07:46:53",145,114,196.48,4,1,36,"COMPLETE","DELIVERED"
21,1775,"2022-03-03 18:44:22",40,9,59.02,2,21,37,"COMPLETE",
21,1775,"2022-03-03 18:44:22",40,9,176.68,4,21,4,"COMPLETE",
21,1807,"2022-03-09 09:16:47",34,3,145.17,3,21,24,"COMPLETE",
21,1807,"2022-03-09 09:16:47",34,3,76.56,2,21,6,"COMPLETE",
21,1824,"2022-03-12 23:56:53",31,0,22,2,21,39,"COMPLETE",
21,1824,"2022-03-12 23:56:53",31,0,31.44,3,21,12,"COMPLETE",
21,1824,"2022-03-12 23:56:53",31,0,131.13,3,21,5,"COMPLETE",
22,184,"2021-04-26 05:13:15",351,319,49.42,2,1,29,"COMPLETE","DELIVERED"
22,184,"2021-04-26 05:13:15",351,319,12.64,1,1,13,"COMPLETE","DELIVERED"
22,511,"2021-07-19 06:24:36",267,235,57.18,2,1,31,"COMPLETE","DELIVERED"
22,511,"2021-07-19 06:24:36",267,235,153.12,4,1,6,"COMPLETE","DELIVERED"
22,1435,"2022-01-07 15:57:14",95,63,49.42,2,1,29,"COMPLETE","DELIVERED"
22,1435,"2022-01-07 15:57:14",95,63,95.8,5,1,7,"COMPLETE","DELIVERED"
22,1819,"2022-03-11 07:20:17",32,0,102.18,3,22,40,"COMPLETE",
22,1819,"2022-03-11 07:20:17",32,0,25.98,3,22,41,"COMPLETE",
22,1819,"2022-03-11 07:20:17",32,0,20.22,2,22,42,"COMPLETE",
23,60,"2021-03-20 00:07:13",388,0,37.92,3,1,13,"COMPLETE","DELIVERED"
23,60,"2021-03-20 00:07:13",388,0,50.01,3,1,3,"COMPLETE","DELIVERED"
23,60,"2021-03-20 00:07:13",388,0,43.02,3,1,19,"COMPLETE","DELIVERED"
24,200,"2021-04-29 04:26:10",348,109,195,4,1,26,"COMPLETE","DELIVERED"
24,260,"2021-05-14 15:57:52",333,94,117.96,3,1,44,"COMPLETE","DELIVERED"
24,260,"2021-05-14 15:57:52",333,94,116.6,5,1,34,"COMPLETE","DELIVERED"
24,435,"2021-06-27 13:28:48",289,50,13.09,1,1,16,"COMPLETE","DELIVERED"
24,435,"2021-06-27 13:28:48",289,50,69.96,3,1,34,"COMPLETE","DELIVERED"
24,435,"2021-06-27 13:28:48",289,50,66.56,4,1,43,"COMPLETE","DELIVERED"
24,602,"2021-08-10 16:09:10",245,6,59.02,2,1,37,"COMPLETE","DELIVERED"
24,635,"2021-08-16 17:47:22",239,0,48.39,1,1,24,"COMPLETE","DELIVERED"
24,635,"2021-08-16 17:47:22",239,0,97.9,5,1,8,"COMPLETE","DELIVERED"
24,635,"2021-08-16 17:47:22",239,0,196.48,4,1,36,"COMPLETE","DELIVERED"
25,270,"2021-05-18 09:33:25",329,153,147.45,5,1,10,"COMPLETE","DELIVERED"
25,270,"2021-05-18 09:33:25",329,153,49.92,3,1,43,"COMPLETE","DELIVERED"
25,270,"2021-05-18 09:33:25",329,153,55.88,4,1,15,"COMPLETE","DELIVERED"
25,750,"2021-09-06 16:14:45",218,42,220.85,5,1,4,"COMPLETE","DELIVERED"
25,750,"2021-09-06 16:14:45",218,42,43.02,3,1,19,"COMPLETE","DELIVERED"
25,750,"2021-09-06 16:14:45",218,42,38.28,1,1,6,"COMPLETE","DELIVERED"
25,970,"2021-10-18 21:52:33",176,0,118.2,4,1,2,"COMPLETE","DELIVERED"
25,970,"2021-10-18 21:52:33",176,0,7.18,1,1,35,"COMPLETE","DELIVERED"
26,286,"2021-05-22 14:29:16",325,244,17.32,2,1,41,"COMPLETE","DELIVERED"
26,286,"2021-05-22 14:29:16",325,244,30.69,1,1,11,"COMPLETE","DELIVERED"
26,1469,"2022-01-13 02:41:07",89,8,148,4,1,33,"COMPLETE","DELIVERED"
26,1469,"2022-01-13 02:41:07",89,8,24.46,1,1,18,"COMPLETE","DELIVERED"
26,1487,"2022-01-15 20:50:06",87,6,41.32,4,1,23,"COMPLETE","DELIVERED"
26,1487,"2022-01-15 20:50:06",87,6,79.82,2,1,27,"COMPLETE","DELIVERED"
26,1524,"2022-01-21 11:28:57",81,0,27.94,2,1,15,"COMPLETE","DELIVERED"
26,1524,"2022-01-21 11:28:57",81,0,39.27,3,1,16,"COMPLETE","DELIVERED"
27,227,"2021-05-05 04:31:44",342,274,5.65,1,1,32,"COMPLETE","DELIVERED"
27,227,"2021-05-05 04:31:44",342,274,147.75,5,1,2,"COMPLETE","DELIVERED"
27,981,"2021-10-21 05:15:07",173,105,26.18,2,1,16,"COMPLETE","DELIVERED"
27,981,"2021-10-21 05:15:07",173,105,29.49,1,1,10,"COMPLETE","DELIVERED"
27,1341,"2021-12-23 11:22:05",110,42,76.56,2,1,6,"COMPLETE","DELIVERED"
27,1359,"2021-12-26 09:01:25",107,39,25.98,3,1,41,"COMPLETE","DELIVERED"
27,1359,"2021-12-26 09:01:25",107,39,76.56,2,1,6,"COMPLETE","DELIVERED"
27,1375,"2021-12-29 14:17:11",104,36,74.13,3,1,29,"COMPLETE","DELIVERED"
27,1620,"2022-02-03 05:13:10",68,0,193.56,4,1,24,"COMPLETE","DELIVERED"
27,1620,"2022-02-03 05:13:10",68,0,48.92,2,1,18,"COMPLETE","DELIVERED"
28,351,"2021-06-09 19:19:50",307,237,98.84,4,1,29,"COMPLETE","DELIVERED"
28,351,"2021-06-09 19:19:50",307,237,41.32,4,1,23,"COMPLETE","DELIVERED"
28,606,"2021-08-11 12:38:31",244,174,146.25,3,1,26,"COMPLETE","DELIVERED"
28,606,"2021-08-11 12:38:31",244,174,55.88,4,1,15,"COMPLETE","DELIVERED"
28,826,"2021-09-21 12:10:43",203,133,88.65,3,1,2,"COMPLETE","DELIVERED"
28,826,"2021-09-21 12:10:43",203,133,19.16,1,1,7,"COMPLETE","DELIVERED"
28,826,"2021-09-21 12:10:43",203,133,69.85,5,1,15,"COMPLETE","DELIVERED"
28,1352,"2021-12-25 07:13:17",108,38,65.45,5,1,16,"COMPLETE","DELIVERED"
28,1352,"2021-12-25 07:13:17",108,38,57.18,2,1,31,"COMPLETE","DELIVERED"
28,1612,"2022-02-01 22:59:58",70,0,157.28,4,1,44,"COMPLETE","DELIVERED"
28,1612,"2022-02-01 22:59:58",70,0,147.36,3,1,36,"COMPLETE","DELIVERED"
29,197,"2021-04-28 21:24:04",349,333,98.24,2,1,36,"COMPLETE","DELIVERED"
29,197,"2021-04-28 21:24:04",349,333,93.28,4,1,34,"COMPLETE","DELIVERED"
29,197,"2021-04-28 21:24:04",349,333,20.48,2,1,28,"COMPLETE","DELIVERED"
29,199,"2021-04-28 23:35:00",349,333,191.4,5,1,6,"COMPLETE","DELIVERED"
29,199,"2021-04-28 23:35:00",349,333,26.18,2,1,16,"COMPLETE","DELIVERED"
29,947,"2021-10-15 04:52:27",179,163,16.95,3,1,32,"COMPLETE","DELIVERED"
29,947,"2021-10-15 04:52:27",179,163,12.64,1,1,13,"COMPLETE","DELIVERED"
29,1880,"2022-03-24 07:07:34",19,3,138.2,5,23,46,"COMPLETE",
29,1880,"2022-03-24 07:07:34",19,3,66.68,4,23,3,"COMPLETE",
29,1887,"2022-03-25 07:17:03",18,2,114.84,3,23,6,"COMPLETE",
29,1887,"2022-03-25 07:17:03",18,2,220.85,5,23,4,"COMPLETE",
29,1895,"2022-03-27 21:29:34",16,0,28.25,5,23,32,"COMPLETE",
29,1895,"2022-03-27 21:29:34",16,0,79.78,2,23,17,"COMPLETE",
29,1895,"2022-03-27 21:29:34",16,0,56.42,2,23,20,"COMPLETE",
30,516,"2021-07-20 09:27:10",266,195,14.36,2,1,35,"COMPLETE","DELIVERED"
30,516,"2021-07-20 09:27:10",266,195,114.84,3,1,6,"COMPLETE","DELIVERED"
30,516,"2021-07-20 09:27:10",266,195,13.09,1,1,16,"COMPLETE","DELIVERED"
30,564,"2021-07-31 03:44:00",255,184,96.78,2,1,24,"COMPLETE","DELIVERED"
30,564,"2021-07-31 03:44:00",255,184,138.2,5,1,46,"COMPLETE","DELIVERED"
30,649,"2021-08-18 15:51:21",237,166,117.96,4,1,10,"CANCELLED",
30,649,"2021-08-18 15:51:21",237,166,43.71,1,1,5,"CANCELLED",
30,1123,"2021-11-15 14:40:34",148,77,186.7,5,1,30,"COMPLETE","DELIVERED"
30,1123,"2021-11-15 14:40:34",148,77,41.92,4,1,12,"COMPLETE","DELIVERED"
30,1476,"2022-01-13 23:07:42",89,18,56.42,2,1,20,"COMPLETE","DELIVERED"
30,1606,"2022-01-31 20:32:37",71,0,153.12,4,1,6,"COMPLETE","DELIVERED"
31,35,"2021-03-09 13:25:35",399,286,28.72,4,1,35,"COMPLETE","DELIVERED"
31,35,"2021-03-09 13:25:35",399,286,28.25,5,1,32,"COMPLETE","DELIVERED"
31,85,"2021-03-30 15:14:58",378,265,12.64,1,1,13,"COMPLETE","DELIVERED"
31,85,"2021-03-30 15:14:58",378,265,88.34,2,1,4,"COMPLETE","DELIVERED"
31,364,"2021-06-13 17:28:35",303,190,37.92,3,1,13,"COMPLETE","DELIVERED"
31,364,"2021-06-13 17:28:35",303,190,119.73,3,1,27,"COMPLETE","DELIVERED"
31,364,"2021-06-13 17:28:35",303,190,112.84,4,1,20,"COMPLETE","DELIVERED"
31,370,"2021-06-14 20:46:55",302,189,191.7,5,2,21,"COMPLETE",
31,370,"2021-06-14 20:46:55",302,189,39.2,4,2,25,"COMPLETE",
31,407,"2021-06-22 12:42:04",294,181,119.73,3,1,27,"COMPLETE","DELIVERED"
31,407,"2021-06-22 12:42:04",294,181,122.76,4,1,11,"COMPLETE","DELIVERED"
31,539,"2021-07-26 02:02:47",260,147,153.45,5,1,11,"CANCELLED",
31,1040,"2021-10-31 10:53:20",163,50,92.07,3,2,11,"COMPLETE",
31,1040,"2021-10-31 10:53:20",163,50,88.47,3,2,10,"COMPLETE",
31,1326,"2021-12-20 11:19:17",113,0,153.36,4,2,21,"COMPLETE",
31,1326,"2021-12-20 11:19:17",113,0,48.92,2,2,18,"COMPLETE",
31,1326,"2021-12-20 11:19:17",113,0,66.68,4,2,3,"COMPLETE",
32,32,"2021-03-07 19:55:05",401,249,37.92,3,3,13,"COMPLETE",
32,186,"2021-04-26 20:57:05",351,199,39.16,1,1,46,"COMPLETE","DELIVERED"
32,186,"2021-04-26 20:57:05",351,199,13.09,1,1,16,"COMPLETE","DELIVERED"
32,186,"2021-04-26 20:57:05",351,199,37,1,1,33,"COMPLETE","DELIVERED"
32,293,"2021-05-24 03:03:10",323,171,42.32,2,1,9,"COMPLETE","DELIVERED"
32,293,"2021-05-24 03:03:10",323,171,40.44,4,1,42,"COMPLETE","DELIVERED"
32,293,"2021-05-24 03:03:10",323,171,159.56,4,1,17,"COMPLETE","DELIVERED"
32,1023,"2021-10-28 15:36:46",166,14,33.28,2,3,43,"COMPLETE",
32,1023,"2021-10-28 15:36:46",166,14,88.34,2,3,4,"COMPLETE",
32,1101,"2021-11-11 04:36:12",152,0,119.67,3,1,17,"COMPLETE","DELIVERED"
33,424,"2021-06-26 03:36:59",290,177,98.84,4,1,29,"COMPLETE","DELIVERED"
33,424,"2021-06-26 03:36:59",290,177,16.95,3,1,32,"COMPLETE","DELIVERED"
33,496,"2021-07-13 16:14:36",273,160,153.45,5,4,11,"COMPLETE",
33,496,"2021-07-13 16:14:36",273,160,114.84,3,4,6,"COMPLETE",
33,795,"2021-09-13 21:54:11",211,98,39.89,1,1,17,"COMPLETE","DELIVERED"
33,795,"2021-09-13 21:54:11",211,98,176.68,4,1,4,"COMPLETE","DELIVERED"
33,795,"2021-09-13 21:54:11",211,98,19.6,2,1,25,"COMPLETE","DELIVERED"
33,955,"2021-10-16 19:05:38",178,65,21.54,3,1,35,"COMPLETE","DELIVERED"
33,955,"2021-10-16 19:05:38",178,65,199.45,5,1,17,"COMPLETE","DELIVERED"
33,967,"2021-10-18 10:58:11",176,63,95.04,3,1,45,"COMPLETE","DELIVERED"
33,1329,"2021-12-20 18:10:04",113,0,59.02,2,1,37,"COMPLETE","DELIVERED"
33,1329,"2021-12-20 18:10:04",113,0,146.25,3,1,26,"COMPLETE","DELIVERED"
33,1329,"2021-12-20 18:10:04",113,0,98.24,2,1,36,"COMPLETE","DELIVERED"
34,210,"2021-05-02 04:57:03",345,147,58.74,3,5,8,"CANCELLED",
34,849,"2021-09-26 04:29:39",198,0,33.34,2,1,3,"COMPLETE","DELIVERED"
34,849,"2021-09-26 04:29:39",198,0,14.36,2,1,35,"COMPLETE","DELIVERED"
35,341,"2021-06-06 12:16:25",310,182,41.92,4,1,12,"COMPLETE","DELIVERED"
35,341,"2021-06-06 12:16:25",310,182,16.64,1,1,43,"COMPLETE","DELIVERED"
35,520,"2021-07-21 03:43:19",265,137,24.46,1,6,18,"COMPLETE",
35,520,"2021-07-21 03:43:19",265,137,112.84,4,6,20,"COMPLETE",
35,545,"2021-07-27 06:39:03",259,131,136.24,4,1,40,"COMPLETE","DELIVERED"
35,545,"2021-07-27 06:39:03",259,131,117.96,4,1,10,"COMPLETE","DELIVERED"
35,545,"2021-07-27 06:39:03",259,131,97.5,2,1,26,"COMPLETE","DELIVERED"
35,553,"2021-07-29 02:37:41",257,129,186.7,5,1,30,"COMPLETE","DELIVERED"
35,553,"2021-07-29 02:37:41",257,129,63.48,3,1,9,"COMPLETE","DELIVERED"
35,591,"2021-08-07 06:30:15",248,120,97.5,2,6,26,"COMPLETE",
35,640,"2021-08-17 18:49:20",238,110,50.01,3,1,3,"REFUNDED","DELIVERED"
35,640,"2021-08-17 18:49:20",238,110,79.78,2,1,17,"REFUNDED","DELIVERED"
35,1231,"2021-12-05 07:20:08",128,0,27.94,2,6,15,"COMPLETE",
35,1231,"2021-12-05 07:20:08",128,0,195.8,5,6,46,"COMPLETE",
35,1231,"2021-12-05 07:20:08",128,0,97.9,5,6,8,"COMPLETE",
36,329,"2021-06-03 00:49:19",313,226,48.75,1,1,26,"COMPLETE","DELIVERED"
36,329,"2021-06-03 00:49:19",313,226,41.32,4,1,23,"COMPLETE","DELIVERED"
36,372,"2021-06-15 18:47:48",301,214,79.78,2,7,17,"COMPLETE",
36,669,"2021-08-23 09:00:05",232,145,51.2,5,1,28,"COMPLETE","DELIVERED"
36,669,"2021-08-23 09:00:05",232,145,59.02,2,1,37,"COMPLETE","DELIVERED"
36,1490,"2022-01-15 22:51:20",87,0,22,2,7,39,"COMPLETE",
36,1490,"2022-01-15 22:51:20",87,0,71.7,5,7,19,"COMPLETE",
37,226,"2021-05-05 02:55:08",342,143,28.68,2,1,19,"COMPLETE","DELIVERED"
37,226,"2021-05-05 02:55:08",342,143,16.95,3,1,32,"COMPLETE","DELIVERED"
37,226,"2021-05-05 02:55:08",342,143,147.75,5,1,2,"COMPLETE","DELIVERED"
37,811,"2021-09-18 21:04:41",206,7,16.67,1,8,3,"COMPLETE",
37,811,"2021-09-18 21:04:41",206,7,117.96,3,8,44,"COMPLETE",
37,811,"2021-09-18 21:04:41",206,7,159.56,4,8,17,"COMPLETE",
37,847,"2021-09-25 14:00:27",199,0,191.4,5,8,6,"COMPLETE",
37,847,"2021-09-25 14:00:27",199,0,79.78,2,8,17,"COMPLETE",
37,847,"2021-09-25 14:00:27",199,0,199.55,5,8,27,"COMPLETE",
38,274,"2021-05-19 05:10:35",328,198,73.38,3,1,18,"COMPLETE","DELIVERED"
38,274,"2021-05-19 05:10:35",328,198,30.99,3,1,23,"COMPLETE","DELIVERED"
38,559,"2021-07-29 19:12:18",257,127,56.42,2,1,20,"COMPLETE","DELIVERED"
38,561,"2021-07-30 14:18:10",256,126,136.24,4,1,40,"COMPLETE","DELIVERED"
38,561,"2021-07-30 14:18:10",256,126,131.13,3,1,5,"COMPLETE","DELIVERED"
38,691,"2021-08-28 03:13:17",227,97,57.48,3,9,7,"COMPLETE",
38,1087,"2021-11-08 13:04:31",155,25,191.4,5,9,6,"COMPLETE",
38,1220,"2021-12-03 18:47:29",130,0,10.11,1,9,42,"COMPLETE",
38,1220,"2021-12-03 18:47:29",130,0,21.54,3,9,35,"COMPLETE",
38,1220,"2021-12-03 18:47:29",130,0,43.3,5,9,41,"COMPLETE",
39,18,"2021-02-28 18:42:54",408,302,159.56,4,1,17,"COMPLETE","DELIVERED"
39,18,"2021-02-28 18:42:54",408,302,159.64,4,1,27,"COMPLETE","DELIVERED"
39,784,"2021-09-12 11:03:07",212,106,138.2,5,1,46,"COMPLETE","DELIVERED"
39,1062,"2021-11-04 12:11:06",159,53,136.24,4,10,40,"COMPLETE",
39,1062,"2021-11-04 12:11:06",159,53,174.84,4,10,5,"COMPLETE",
39,1126,"2021-11-16 10:49:36",147,41,21.54,3,10,35,"COMPLETE",
39,1126,"2021-11-16 10:49:36",147,41,50.01,3,10,3,"COMPLETE",
39,1364,"2021-12-27 15:04:20",106,0,22.6,4,1,32,"COMPLETE","DELIVERED"
39,1364,"2021-12-27 15:04:20",106,0,21.16,1,1,9,"COMPLETE","DELIVERED"
39,1364,"2021-12-27 15:04:20",106,0,88.65,3,1,2,"COMPLETE","DELIVERED"
40,366,"2021-06-14 05:56:43",302,185,40.44,4,1,42,"COMPLETE","DELIVERED"
40,366,"2021-06-14 05:56:43",302,185,196.48,4,1,36,"COMPLETE","DELIVERED"
40,366,"2021-06-14 05:56:43",302,185,98.84,4,1,29,"COMPLETE","DELIVERED"
40,782,"2021-09-12 04:28:33",212,95,159.64,4,11,27,"COMPLETE",
40,782,"2021-09-12 04:28:33",212,95,73.38,3,11,18,"COMPLETE",
40,858,"2021-09-27 21:36:02",197,80,63.48,3,1,9,"COMPLETE","DELIVERED"
40,858,"2021-09-27 21:36:02",197,80,33,3,1,39,"COMPLETE","DELIVERED"
40,1306,"2021-12-16 11:47:49",117,0,74.13,3,1,29,"COMPLETE","DELIVERED"
41,347,"2021-06-08 13:34:37",308,216,8.66,1,1,41,"COMPLETE","DELIVERED"
41,347,"2021-06-08 13:34:37",308,216,35.9,5,1,35,"COMPLETE","DELIVERED"
41,540,"2021-07-26 03:25:27",260,168,48.75,1,1,26,"COMPLETE","DELIVERED"
41,540,"2021-07-26 03:25:27",260,168,30.33,3,1,42,"COMPLETE","DELIVERED"
41,573,"2021-08-02 06:15:01",253,161,84.63,3,1,20,"COMPLETE","DELIVERED"
41,581,"2021-08-04 15:56:31",251,159,13.97,1,1,15,"COMPLETE","DELIVERED"
41,581,"2021-08-04 15:56:31",251,159,38.28,1,1,6,"COMPLETE","DELIVERED"
41,581,"2021-08-04 15:56:31",251,159,198.9,5,1,22,"COMPLETE","DELIVERED"
41,662,"2021-08-22 02:19:22",233,141,52.4,5,1,12,"COMPLETE","DELIVERED"
41,662,"2021-08-22 02:19:22",233,141,114.84,3,1,6,"COMPLETE","DELIVERED"
41,1286,"2021-12-13 12:14:00",120,28,243.75,5,1,26,"COMPLETE","DELIVERED"
41,1286,"2021-12-13 12:14:00",120,28,39.16,1,1,46,"COMPLETE","DELIVERED"
41,1411,"2022-01-03 18:43:01",99,7,51.2,5,1,28,"COMPLETE","DELIVERED"
41,1411,"2022-01-03 18:43:01",99,7,41.32,4,1,23,"COMPLETE","DELIVERED"
41,1452,"2022-01-10 21:11:04",92,0,220.85,5,12,4,"COMPLETE",
41,1452,"2022-01-10 21:11:04",92,0,26.14,1,12,14,"COMPLETE",
42,25,"2021-03-03 06:39:48",405,273,98.24,2,1,36,"COMPLETE","DELIVERED"
42,458,"2021-07-04 15:19:20",282,150,52.28,2,1,14,"COMPLETE","DELIVERED"
42,458,"2021-07-04 15:19:20",282,150,45.96,2,1,38,"COMPLETE","DELIVERED"
42,722,"2021-09-02 20:29:24",222,90,112.84,4,1,20,"COMPLETE","DELIVERED"
42,1202,"2021-12-01 19:42:04",132,0,119.34,3,13,22,"COMPLETE",
42,1202,"2021-12-01 19:42:04",132,0,159.64,4,13,27,"COMPLETE",
43,525,"2021-07-22 09:17:03",264,185,50.01,3,1,3,"COMPLETE","DELIVERED"
43,525,"2021-07-22 09:17:03",264,185,74.13,3,1,29,"COMPLETE","DELIVERED"
43,599,"2021-08-09 20:32:40",246,167,147.36,3,1,36,"COMPLETE","DELIVERED"
43,599,"2021-08-09 20:32:40",246,167,49,5,1,25,"COMPLETE","DELIVERED"
43,915,"2021-10-09 09:58:10",185,106,11.3,2,14,32,"COMPLETE",
43,979,"2021-10-20 18:42:46",174,95,61.38,2,14,11,"COMPLETE",
43,1131,"2021-11-17 10:40:06",146,67,48.92,2,1,18,"COMPLETE","DELIVERED"
43,1131,"2021-11-17 10:40:06",146,67,145.17,3,1,24,"COMPLETE","DELIVERED"
43,1131,"2021-11-17 10:40:06",146,67,20.22,2,1,42,"COMPLETE","DELIVERED"
43,1546,"2022-01-23 21:03:54",79,0,20.48,2,1,28,"COMPLETE","DELIVERED"
43,1546,"2022-01-23 21:03:54",79,0,149.36,4,1,30,"COMPLETE","DELIVERED"
44,80,"2021-03-29 05:44:21",379,302,17.32,2,1,41,"COMPLETE","DELIVERED"
44,80,"2021-03-29 05:44:21",379,302,97.9,5,1,8,"COMPLETE","DELIVERED"
44,1044,"2021-10-31 20:29:17",163,86,37.92,3,1,13,"COMPLETE","DELIVERED"
44,1044,"2021-10-31 20:29:17",163,86,195,4,1,26,"COMPLETE","DELIVERED"
44,1366,"2021-12-28 01:37:04",105,28,112.84,4,15,20,"COMPLETE",
44,1366,"2021-12-28 01:37:04",105,28,65.45,5,15,16,"COMPLETE",
44,1434,"2022-01-07 15:23:15",95,18,118.04,4,15,37,"COMPLETE",
44,1558,"2022-01-25 03:44:54",77,0,55.28,2,1,46,"COMPLETE","DELIVERED"
44,1558,"2022-01-25 03:44:54",77,0,198.9,5,1,22,"COMPLETE","DELIVERED"
45,2,"2021-02-08 20:58:10",428,374,25.98,3,1,41,"COMPLETE","DELIVERED"
45,2,"2021-02-08 20:58:10",428,374,28.25,5,1,32,"COMPLETE","DELIVERED"
45,4,"2021-02-10 13:43:36",426,372,91.92,4,1,38,"COMPLETE","DELIVERED"
45,4,"2021-02-10 13:43:36",426,372,156.64,4,1,46,"COMPLETE","DELIVERED"
45,4,"2021-02-10 13:43:36",426,372,56.42,2,1,20,"COMPLETE","DELIVERED"
45,368,"2021-06-14 18:22:44",302,248,159.64,4,1,27,"COMPLETE","DELIVERED"
45,368,"2021-06-14 18:22:44",302,248,71.7,5,1,19,"COMPLETE","DELIVERED"
45,745,"2021-09-05 17:37:50",219,165,98.84,4,1,29,"COMPLETE","DELIVERED"
45,745,"2021-09-05 17:37:50",219,165,110.56,4,1,46,"COMPLETE","DELIVERED"
45,917,"2021-10-09 11:02:28",185,131,55.28,2,1,46,"COMPLETE","DELIVERED"
45,1256,"2021-12-09 11:18:56",124,70,59.02,2,16,37,"COMPLETE",
45,1256,"2021-12-09 11:18:56",124,70,68.12,2,16,40,"COMPLETE",
45,1256,"2021-12-09 11:18:56",124,70,41.92,4,16,12,"COMPLETE",
45,1320,"2021-12-19 10:35:34",114,60,79.78,2,1,17,"COMPLETE","DELIVERED"
45,1320,"2021-12-19 10:35:34",114,60,153.36,4,1,21,"COMPLETE","DELIVERED"
45,1699,"2022-02-17 18:37:31",54,0,59.02,2,16,37,"COMPLETE",
45,1699,"2022-02-17 18:37:31",54,0,14.36,2,16,35,"COMPLETE",
45,1699,"2022-02-17 18:37:31",54,0,33,3,16,39,"COMPLETE",
46,755,"2021-09-08 03:42:08",216,99,55.88,4,1,15,"COMPLETE","DELIVERED"
46,755,"2021-09-08 03:42:08",216,99,112.84,4,1,20,"COMPLETE","DELIVERED"
46,1302,"2021-12-16 09:48:49",117,0,146.25,3,17,26,"COMPLETE",
46,1302,"2021-12-16 09:48:49",117,0,142.95,5,17,31,"COMPLETE",
47,1206,"2021-12-02 11:18:44",131,63,66.56,4,1,43,"COMPLETE","DELIVERED"
47,1206,"2021-12-02 11:18:44",131,63,13.09,1,1,16,"COMPLETE","DELIVERED"
47,1586,"2022-01-29 00:01:07",73,5,7.18,1,18,35,"COMPLETE",
47,1586,"2022-01-29 00:01:07",73,5,26.18,2,18,16,"COMPLETE",
47,1621,"2022-02-03 10:09:23",68,0,20.96,2,1,12,"COMPLETE","DELIVERED"
47,1621,"2022-02-03 10:09:23",68,0,88.47,3,1,10,"COMPLETE","DELIVERED"
48,355,"2021-06-11 10:51:35",305,260,46.64,2,1,34,"COMPLETE","DELIVERED"
48,355,"2021-06-11 10:51:35",305,260,159.64,4,1,27,"COMPLETE","DELIVERED"
48,490,"2021-07-11 18:34:33",275,230,29.49,1,1,10,"COMPLETE","DELIVERED"
48,1274,"2021-12-12 04:02:23",121,76,33.34,2,1,3,"COMPLETE","DELIVERED"
48,1274,"2021-12-12 04:02:23",121,76,30.99,3,1,23,"COMPLETE","DELIVERED"
48,1347,"2021-12-24 06:47:57",109,64,20.22,2,1,42,"COMPLETE","DELIVERED"
48,1347,"2021-12-24 06:47:57",109,64,245.6,5,1,36,"COMPLETE","DELIVERED"
48,1744,"2022-02-26 05:05:37",45,0,48.92,2,19,18,"COMPLETE",
48,1744,"2022-02-26 05:05:37",45,0,88.53,3,19,37,"COMPLETE",
49,19,"2021-03-01 06:09:26",407,379,37.92,3,1,13,"COMPLETE","DELIVERED"
49,19,"2021-03-01 06:09:26",407,379,39.16,2,1,8,"COMPLETE","DELIVERED"
49,19,"2021-03-01 06:09:26",407,379,193.56,4,1,24,"COMPLETE","DELIVERED"
49,361,"2021-06-13 10:48:48",303,275,43.02,3,1,19,"COMPLETE","DELIVERED"
49,450,"2021-07-02 10:12:50",284,256,74,2,1,33,"COMPLETE","DELIVERED"
49,537,"2021-07-25 05:52:23",261,233,39.89,1,1,17,"COMPLETE","DELIVERED"
49,812,"2021-09-18 23:49:38",206,178,66.56,4,1,43,"COMPLETE","DELIVERED"
49,812,"2021-09-18 23:49:38",206,178,57.48,3,1,7,"COMPLETE","DELIVERED"
49,812,"2021-09-18 23:49:38",206,178,158.4,5,1,45,"COMPLETE","DELIVERED"
49,1021,"2021-10-28 10:54:20",166,138,76.56,2,1,6,"COMPLETE","DELIVERED"
49,1021,"2021-10-28 10:54:20",166,138,40.44,4,1,42,"COMPLETE","DELIVERED"
49,1021,"2021-10-28 10:54:20",166,138,196.48,4,1,36,"COMPLETE","DELIVERED"
49,1446,"2022-01-10 14:08:38",92,64,74.13,3,1,29,"COMPLETE","DELIVERED"
49,1446,"2022-01-10 14:08:38",92,64,30.99,3,1,23,"COMPLETE","DELIVERED"
49,1727,"2022-02-22 12:12:54",49,21,136.24,4,20,40,"COMPLETE",
49,1727,"2022-02-22 12:12:54",49,21,66.56,4,20,43,"COMPLETE",
49,1820,"2022-03-12 03:34:51",31,3,16.67,1,20,3,"COMPLETE",
49,1820,"2022-03-12 03:34:51",31,3,65.45,5,20,16,"COMPLETE",
49,1838,"2022-03-15 03:50:48",28,0,41.92,4,20,12,"COMPLETE",
49,1838,"2022-03-15 03:50:48",28,0,199.55,5,20,27,"COMPLETE",
50,1069,"2021-11-06 02:02:27",157,128,49.42,2,1,29,"COMPLETE","DELIVERED"
50,1069,"2021-11-06 02:02:27",157,128,95.8,5,1,7,"COMPLETE","DELIVERED"
50,1830,"2022-03-14 02:07:24",29,0,30.72,3,21,28,"COMPLETE",
50,1830,"2022-03-14 02:07:24",29,0,98.24,2,21,36,"COMPLETE",
51,237,"2021-05-07 12:29:24",340,317,66.68,4,1,3,"COMPLETE","DELIVERED"
51,848,"2021-09-25 15:02:58",199,176,45.96,2,1,38,"COMPLETE","DELIVERED"
51,848,"2021-09-25 15:02:58",199,176,28.68,2,1,19,"COMPLETE","DELIVERED"
51,1822,"2022-03-12 12:49:36",31,8,74,2,22,33,"COMPLETE",
51,1822,"2022-03-12 12:49:36",31,8,39.16,2,22,8,"COMPLETE",
51,1835,"2022-03-15 00:35:19",28,5,119.34,3,22,22,"COMPLETE",
51,1835,"2022-03-15 00:35:19",28,5,74,2,22,33,"COMPLETE",
51,1866,"2022-03-20 19:13:19",23,0,114.84,3,22,6,"COMPLETE",
51,1866,"2022-03-20 19:13:19",23,0,10.24,1,22,28,"COMPLETE",
51,1866,"2022-03-20 19:13:19",23,0,56.42,2,22,20,"COMPLETE",
52,1143,"2021-11-19 02:50:51",144,50,114.84,3,1,6,"COMPLETE","DELIVERED"
52,1143,"2021-11-19 02:50:51",144,50,102.18,3,1,40,"COMPLETE","DELIVERED"
52,1143,"2021-11-19 02:50:51",144,50,118.04,4,1,37,"COMPLETE","DELIVERED"
52,1315,"2021-12-18 07:26:55",115,21,28.68,2,1,19,"COMPLETE","DELIVERED"
52,1315,"2021-12-18 07:26:55",115,21,79.78,2,1,17,"COMPLETE","DELIVERED"
52,1438,"2022-01-08 12:50:52",94,0,122.76,4,1,11,"COMPLETE","DELIVERED"
52,1438,"2022-01-08 12:50:52",94,0,98.84,4,1,29,"COMPLETE","DELIVERED"
53,305,"2021-05-27 01:51:11",320,195,84.64,4,1,9,"COMPLETE","DELIVERED"
53,305,"2021-05-27 01:51:11",320,195,79.56,2,1,22,"COMPLETE","DELIVERED"
53,1246,"2021-12-08 04:32:01",125,0,69.85,5,1,15,"COMPLETE","DELIVERED"
54,822,"2021-09-20 07:22:34",204,13,78.64,2,1,44,"COMPLETE","DELIVERED"
54,822,"2021-09-20 07:22:34",204,13,145.17,3,1,24,"COMPLETE","DELIVERED"
54,886,"2021-10-03 06:12:33",191,0,55.88,4,1,15,"COMPLETE","DELIVERED"
55,29,"2021-03-06 11:03:10",402,257,97.5,2,1,26,"COMPLETE","DELIVERED"
55,29,"2021-03-06 11:03:10",402,257,41.32,4,1,23,"COMPLETE","DELIVERED"
55,87,"2021-03-30 20:24:08",378,233,79.56,2,1,22,"COMPLETE","DELIVERED"
55,87,"2021-03-30 20:24:08",378,233,38.34,1,1,21,"COMPLETE","DELIVERED"
55,87,"2021-03-30 20:24:08",378,233,147.75,5,1,2,"COMPLETE","DELIVERED"
55,764,"2021-09-09 04:41:26",215,70,39.91,1,1,27,"COMPLETE","DELIVERED"
55,764,"2021-09-09 04:41:26",215,70,74,2,1,33,"COMPLETE","DELIVERED"
55,1138,"2021-11-18 18:19:30",145,0,49.92,3,1,43,"COMPLETE","DELIVERED"
55,1138,"2021-11-18 18:19:30",145,0,123.55,5,1,29,"COMPLETE","DELIVERED"
56,1166,"2021-11-23 22:19:50",140,68,68.94,3,1,38,"COMPLETE","DELIVERED"
56,1166,"2021-11-23 22:19:50",140,68,28.68,2,1,19,"COMPLETE","DELIVERED"
56,1594,"2022-01-30 12:23:39",72,0,37.92,3,1,13,"COMPLETE","DELIVERED"
56,1594,"2022-01-30 12:23:39",72,0,16.64,1,1,43,"COMPLETE","DELIVERED"
57,718,"2021-09-02 03:12:07",222,127,39.2,4,1,25,"COMPLETE","DELIVERED"
57,718,"2021-09-02 03:12:07",222,127,21.16,1,1,9,"COMPLETE","DELIVERED"
57,1433,"2022-01-07 15:05:40",95,0,56.42,2,1,20,"COMPLETE","DELIVERED"
57,1433,"2022-01-07 15:05:40",95,0,117.96,4,1,10,"COMPLETE","DELIVERED"
58,216,"2021-05-03 03:13:51",344,332,12.64,1,1,13,"COMPLETE","DELIVERED"
58,216,"2021-05-03 03:13:51",344,332,85.77,3,1,31,"COMPLETE","DELIVERED"
58,216,"2021-05-03 03:13:51",344,332,16.67,1,1,3,"COMPLETE","DELIVERED"
58,239,"2021-05-07 23:02:38",340,328,92.07,3,1,11,"COMPLETE","DELIVERED"
58,239,"2021-05-07 23:02:38",340,328,49.42,2,1,29,"COMPLETE","DELIVERED"
58,348,"2021-06-08 14:55:05",308,296,191.7,5,1,21,"COMPLETE","DELIVERED"
58,348,"2021-06-08 14:55:05",308,296,118.2,4,1,2,"COMPLETE","DELIVERED"
58,659,"2021-08-20 23:39:24",235,223,40.44,4,1,42,"COMPLETE","DELIVERED"
58,659,"2021-08-20 23:39:24",235,223,93.28,4,1,34,"COMPLETE","DELIVERED"
58,1008,"2021-10-25 21:00:23",169,157,14.36,2,1,35,"COMPLETE","DELIVERED"
58,1008,"2021-10-25 21:00:23",169,157,42.32,2,1,9,"COMPLETE","DELIVERED"
58,1270,"2021-12-11 02:01:44",122,110,40.44,4,1,42,"COMPLETE","DELIVERED"
58,1270,"2021-12-11 02:01:44",122,110,176.68,4,1,4,"COMPLETE","DELIVERED"
58,1453,"2022-01-11 06:43:12",91,79,98.84,4,1,29,"COMPLETE","DELIVERED"
58,1582,"2022-01-28 13:04:54",74,62,12.64,1,1,13,"COMPLETE","DELIVERED"
58,1582,"2022-01-28 13:04:54",74,62,48.92,2,1,18,"COMPLETE","DELIVERED"
58,1873,"2022-03-22 02:35:48",21,9,79.78,2,23,17,"COMPLETE",
58,1873,"2022-03-22 02:35:48",21,9,30.69,1,23,11,"COMPLETE",
58,1873,"2022-03-22 02:35:48",21,9,195,4,23,26,"COMPLETE",
58,1891,"2022-03-26 19:49:32",17,5,39.91,1,23,27,"COMPLETE",
58,1891,"2022-03-26 19:49:32",17,5,33.28,2,23,43,"COMPLETE",
58,1891,"2022-03-26 19:49:32",17,5,39.2,4,23,25,"COMPLETE",
58,1914,"2022-03-31 18:29:01",12,0,174.84,4,23,5,"COMPLETE",
59,313,"2021-05-29 22:04:57",318,250,63.36,2,1,45,"COMPLETE","DELIVERED"
59,313,"2021-05-29 22:04:57",318,250,38.32,2,1,7,"COMPLETE","DELIVERED"
59,601,"2021-08-10 06:40:52",245,177,45.96,2,1,38,"CANCELLED",
59,601,"2021-08-10 06:40:52",245,177,79.56,2,1,22,"CANCELLED",
59,1622,"2022-02-03 10:24:45",68,0,30.99,3,1,23,"COMPLETE","DELIVERED"
59,1622,"2022-02-03 10:24:45",68,0,38.32,2,1,7,"COMPLETE","DELIVERED"
60,66,"2021-03-22 17:50:53",386,138,218.55,5,1,5,"COMPLETE","DELIVERED"
60,66,"2021-03-22 17:50:53",386,138,52.4,5,1,12,"COMPLETE","DELIVERED"
60,254,"2021-05-13 07:21:22",334,86,33.34,2,2,3,"COMPLETE",
60,523,"2021-07-22 03:48:55",264,16,196.6,5,1,44,"COMPLETE","DELIVERED"
60,523,"2021-07-22 03:48:55",264,16,29.55,1,1,2,"COMPLETE","DELIVERED"
60,546,"2021-07-27 07:31:29",259,11,147.55,5,2,37,"COMPLETE",
60,546,"2021-07-27 07:31:29",259,11,50.55,5,2,42,"COMPLETE",
60,590,"2021-08-07 04:16:39",248,0,95.04,3,1,45,"COMPLETE","DELIVERED"
61,58,"2021-03-18 04:07:52",390,375,153.36,4,1,21,"COMPLETE","DELIVERED"
61,58,"2021-03-18 04:07:52",390,375,13.97,1,1,15,"COMPLETE","DELIVERED"
61,324,"2021-06-02 02:53:08",314,299,117.96,3,1,44,"COMPLETE","DELIVERED"
61,324,"2021-06-02 02:53:08",314,299,115.02,3,1,21,"COMPLETE","DELIVERED"
61,324,"2021-06-02 02:53:08",314,299,79.82,2,1,27,"COMPLETE","DELIVERED"
61,471,"2021-07-08 04:18:42",278,263,79.56,2,3,22,"COMPLETE",
61,673,"2021-08-23 13:23:00",232,217,153.45,5,1,11,"COMPLETE","DELIVERED"
61,673,"2021-08-23 13:23:00",232,217,119.34,3,1,22,"COMPLETE","DELIVERED"
61,891,"2021-10-05 17:30:26",189,174,85.77,3,1,31,"COMPLETE","DELIVERED"
61,1048,"2021-11-01 10:44:26",162,147,63.48,3,1,9,"COMPLETE","DELIVERED"
61,1048,"2021-11-01 10:44:26",162,147,88.53,3,1,37,"COMPLETE","DELIVERED"
61,1901,"2022-03-28 19:19:17",15,0,31.44,3,3,12,"COMPLETE",
62,55,"2021-03-17 06:01:16",391,316,159.56,4,1,17,"COMPLETE","DELIVERED"
62,55,"2021-03-17 06:01:16",391,316,37,1,1,33,"COMPLETE","DELIVERED"
62,103,"2021-04-04 16:13:44",373,298,25.98,3,1,41,"COMPLETE","DELIVERED"
62,103,"2021-04-04 16:13:44",373,298,186.7,5,1,30,"COMPLETE","DELIVERED"
62,188,"2021-04-27 00:32:50",350,275,19.6,2,1,25,"COMPLETE","DELIVERED"
62,188,"2021-04-27 00:32:50",350,275,49.42,2,1,29,"COMPLETE","DELIVERED"
62,230,"2021-05-06 01:13:20",341,266,52.28,2,1,14,"COMPLETE","DELIVERED"
62,230,"2021-05-06 01:13:20",341,266,159.56,4,1,17,"COMPLETE","DELIVERED"
62,398,"2021-06-20 19:17:34",296,221,9.8,1,1,25,"COMPLETE","DELIVERED"
62,398,"2021-06-20 19:17:34",296,221,145.17,3,1,24,"COMPLETE","DELIVERED"
62,398,"2021-06-20 19:17:34",296,221,37.92,3,1,13,"COMPLETE","DELIVERED"
62,697,"2021-08-29 02:55:23",226,151,98.84,4,1,29,"CANCELLED",
62,1296,"2021-12-15 04:29:42",118,43,102.18,3,4,40,"COMPLETE",
62,1296,"2021-12-15 04:29:42",118,43,104.56,4,4,14,"COMPLETE",
62,1576,"2022-01-27 13:07:28",75,0,27.64,1,1,46,"COMPLETE","DELIVERED"
62,1576,"2022-01-27 13:07:28",75,0,114.36,4,1,31,"COMPLETE","DELIVERED"
62,1576,"2022-01-27 13:07:28",75,0,102.18,3,1,40,"COMPLETE","DELIVERED"
63,137,"2021-04-13 10:16:51",364,164,49.12,1,1,36,"COMPLETE","DELIVERED"
63,137,"2021-04-13 10:16:51",364,164,30.33,3,1,42,"COMPLETE","DELIVERED"
63,137,"2021-04-13 10:16:51",364,164,61.38,2,1,11,"COMPLETE","DELIVERED"
63,233,"2021-05-06 13:17:41",341,141,141.05,5,1,20,"COMPLETE","DELIVERED"
63,233,"2021-05-06 13:17:41",341,141,29.55,1,1,2,"COMPLETE","DELIVERED"
63,412,"2021-06-23 01:54:06",293,93,11,1,1,39,"COMPLETE","DELIVERED"
63,412,"2021-06-23 01:54:06",293,93,147.45,5,1,10,"COMPLETE","DELIVERED"
63,412,"2021-06-23 01:54:06",293,93,28.72,4,1,35,"COMPLETE","DELIVERED"
63,514,"2021-07-19 21:45:49",267,67,58.98,2,1,10,"COMPLETE","DELIVERED"
63,514,"2021-07-19 21:45:49",267,67,88.65,3,1,2,"COMPLETE","DELIVERED"
63,806,"2021-09-16 16:02:36",208,8,176.68,4,5,4,"COMPLETE",
63,806,"2021-09-16 16:02:36",208,8,195,4,5,26,"COMPLETE",
63,806,"2021-09-16 16:02:36",208,8,82.92,3,5,46,"COMPLETE",
63,841,"2021-09-24 13:28:43",200,0,193.56,4,5,24,"COMPLETE",
64,489,"2021-07-11 15:23:58",275,161,39.16,2,1,8,"REFUNDED","DELIVERED"
64,489,"2021-07-11 15:23:58",275,161,37,1,1,33,"REFUNDED","DELIVERED"
64,698,"2021-08-29 11:42:50",226,112,42.32,2,1,9,"COMPLETE","DELIVERED"
64,724,"2021-09-03 01:49:24",221,107,21.54,3,6,35,"COMPLETE",
64,724,"2021-09-03 01:49:24",221,107,30.72,3,6,28,"COMPLETE",
64,724,"2021-09-03 01:49:24",221,107,19.6,2,6,25,"COMPLETE",
64,1322,"2021-12-19 20:08:49",114,0,33.34,2,1,3,"COMPLETE","DELIVERED"
64,1322,"2021-12-19 20:08:49",114,0,46.64,2,1,34,"COMPLETE","DELIVERED"
65,33,"2021-03-08 01:20:10",400,321,57.48,3,1,7,"COMPLETE","DELIVERED"
65,33,"2021-03-08 01:20:10",400,321,39.2,4,1,25,"COMPLETE","DELIVERED"
65,51,"2021-03-15 08:40:04",393,314,45.96,2,1,38,"COMPLETE","DELIVERED"
65,577,"2021-08-04 00:26:33",251,172,79.82,2,1,27,"COMPLETE","DELIVERED"
65,577,"2021-08-04 00:26:33",251,172,79.78,2,1,17,"COMPLETE","DELIVERED"
65,577,"2021-08-04 00:26:33",251,172,148,4,1,33,"COMPLETE","DELIVERED"
65,1201,"2021-12-01 04:56:09",132,53,48.75,1,1,26,"COMPLETE","DELIVERED"
65,1201,"2021-12-01 04:56:09",132,53,11,1,1,39,"COMPLETE","DELIVERED"
65,1201,"2021-12-01 04:56:09",132,53,10.24,1,1,28,"COMPLETE","DELIVERED"
65,1249,"2021-12-08 17:28:15",125,46,39.16,1,1,46,"COMPLETE","DELIVERED"
65,1249,"2021-12-08 17:28:15",125,46,176.68,4,1,4,"COMPLETE","DELIVERED"
65,1250,"2021-12-08 23:33:11",125,46,112.02,3,7,30,"COMPLETE",
65,1443,"2022-01-09 19:46:17",93,14,73.38,3,1,18,"COMPLETE","DELIVERED"
65,1443,"2022-01-09 19:46:17",93,14,148,4,1,33,"COMPLETE","DELIVERED"
65,1538,"2022-01-23 00:55:53",79,0,20.96,2,1,12,"COMPLETE","DELIVERED"
65,1538,"2022-01-23 00:55:53",79,0,50.56,4,1,13,"COMPLETE","DELIVERED"
66,319,"2021-06-01 03:54:07",315,170,52.4,5,1,12,"COMPLETE","DELIVERED"
66,319,"2021-06-01 03:54:07",315,170,10.11,1,1,42,"COMPLETE","DELIVERED"
66,810,"2021-09-18 08:12:35",206,61,98.84,4,8,29,"COMPLETE",
66,810,"2021-09-18 08:12:35",206,61,20.96,2,8,12,"COMPLETE",
66,1112,"2021-11-13 04:23:04",150,5,33,3,8,39,"COMPLETE",
66,1139,"2021-11-18 20:16:12",145,0,96.78,2,8,24,"COMPLETE",
67,23,"2021-03-02 11:52:28",406,314,21.16,1,1,9,"COMPLETE","DELIVERED"
67,23,"2021-03-02 11:52:28",406,314,148,4,1,33,"COMPLETE","DELIVERED"
67,84,"2021-03-30 07:44:21",378,286,28.59,1,1,31,"COMPLETE","DELIVERED"
67,84,"2021-03-30 07:44:21",378,286,30.69,1,1,11,"COMPLETE","DELIVERED"
67,84,"2021-03-30 07:44:21",378,286,186.7,5,1,30,"COMPLETE","DELIVERED"
67,309,"2021-05-27 23:28:36",320,228,31.68,1,1,45,"COMPLETE","DELIVERED"
67,309,"2021-05-27 23:28:36",320,228,24.71,1,1,29,"COMPLETE","DELIVERED"
67,584,"2021-08-05 16:28:57",250,158,57.48,3,9,7,"COMPLETE",
67,1444,"2022-01-10 09:47:01",92,0,45.96,2,1,38,"COMPLETE","DELIVERED"
67,1444,"2022-01-10 09:47:01",92,0,117.96,4,1,10,"COMPLETE","DELIVERED"
68,11,"2021-02-24 02:05:31",412,313,66.68,4,1,3,"COMPLETE","DELIVERED"
68,1024,"2021-10-28 15:48:48",166,67,63.36,2,1,45,"COMPLETE","DELIVERED"
68,1129,"2021-11-17 02:48:31",146,47,57.48,3,10,7,"COMPLETE",
68,1129,"2021-11-17 02:48:31",146,47,28.59,1,10,31,"COMPLETE",
68,1129,"2021-11-17 02:48:31",146,47,24.46,1,10,18,"COMPLETE",
68,1412,"2022-01-03 20:11:20",99,0,159.12,4,10,22,"COMPLETE",
68,1412,"2022-01-03 20:11:20",99,0,35.9,5,10,35,"COMPLETE",
69,165,"2021-04-22 12:38:28",355,229,91.92,4,1,38,"COMPLETE","DELIVERED"
69,165,"2021-04-22 12:38:28",355,229,97.5,2,1,26,"COMPLETE","DELIVERED"
69,723,"2021-09-02 20:30:05",222,96,195.8,5,11,46,"COMPLETE",
69,1204,"2021-12-02 06:02:20",131,5,73.38,3,11,18,"COMPLETE",
69,1204,"2021-12-02 06:02:20",131,5,85.77,3,11,31,"COMPLETE",
69,1204,"2021-12-02 06:02:20",131,5,22.98,1,11,38,"COMPLETE",
69,1241,"2021-12-07 02:33:19",126,0,66.56,4,11,43,"COMPLETE",
69,1241,"2021-12-07 02:33:19",126,0,26.14,1,11,14,"COMPLETE",
69,1241,"2021-12-07 02:33:19",126,0,58.74,3,11,8,"COMPLETE",
70,172,"2021-04-23 19:54:43",354,295,30.99,3,1,23,"COMPLETE","DELIVERED"
70,172,"2021-04-23 19:54:43",354,295,76.64,4,1,7,"COMPLETE","DELIVERED"
70,656,"2021-08-20 05:10:10",235,176,63.48,3,1,9,"COMPLETE","DELIVERED"
70,656,"2021-08-20 05:10:10",235,176,22.98,1,1,38,"COMPLETE","DELIVERED"
70,1094,"2021-11-09 19:11:54",154,95,49.42,2,12,29,"COMPLETE",
70,1094,"2021-11-09 19:11:54",154,95,153.36,4,12,21,"COMPLETE",
70,1673,"2022-02-12 20:17:56",59,0,243.75,5,1,26,"COMPLETE","DELIVERED"
70,1673,"2022-02-12 20:17:56",59,0,84.64,4,1,9,"COMPLETE","DELIVERED"
71,34,"2021-03-09 00:16:29",399,344,78.42,3,1,14,"COMPLETE","DELIVERED"
71,48,"2021-03-14 14:54:16",394,339,41.92,4,1,12,"COMPLETE","DELIVERED"
71,48,"2021-03-14 14:54:16",394,339,91.92,4,1,38,"COMPLETE","DELIVERED"
71,292,"2021-05-24 01:08:24",323,268,119.73,3,1,27,"COMPLETE","DELIVERED"
71,797,"2021-09-14 12:34:45",210,155,48.39,1,1,24,"COMPLETE","DELIVERED"
71,797,"2021-09-14 12:34:45",210,155,158.4,5,1,45,"COMPLETE","DELIVERED"
71,1529,"2022-01-21 16:15:14",81,26,79.82,2,13,27,"COMPLETE",
71,1692,"2022-02-16 04:51:59",55,0,49.92,3,1,43,"COMPLETE","DELIVERED"
71,1692,"2022-02-16 04:51:59",55,0,191.4,5,1,6,"COMPLETE","DELIVERED"
71,1692,"2022-02-16 04:51:59",55,0,157.28,4,1,44,"COMPLETE","DELIVERED"
72,483,"2021-07-09 13:26:22",277,212,57.36,4,1,19,"COMPLETE","DELIVERED"
72,547,"2021-07-27 19:04:57",259,194,52.4,5,1,12,"COMPLETE","DELIVERED"
72,547,"2021-07-27 19:04:57",259,194,114.36,4,1,31,"COMPLETE","DELIVERED"
72,547,"2021-07-27 19:04:57",259,194,153.36,4,1,21,"COMPLETE","DELIVERED"
72,1595,"2022-01-30 14:00:37",72,7,33.34,2,14,3,"COMPLETE",
72,1639,"2022-02-06 04:33:54",65,0,88.53,3,1,37,"COMPLETE","DELIVERED"
73,46,"2021-03-14 00:26:31",394,303,158.4,5,1,45,"COMPLETE","DELIVERED"
73,1145,"2021-11-19 10:04:40",144,53,10.48,1,1,12,"COMPLETE","DELIVERED"
73,1337,"2021-12-22 09:26:47",111,20,63.36,2,1,45,"COMPLETE","DELIVERED"
73,1337,"2021-12-22 09:26:47",111,20,58.74,3,1,8,"COMPLETE","DELIVERED"
73,1454,"2022-01-11 09:52:35",91,0,39.2,4,15,25,"COMPLETE",
74,6,"2021-02-13 20:11:48",423,365,114.84,3,1,6,"COMPLETE","DELIVERED"
74,6,"2021-02-13 20:11:48",423,365,84.64,4,1,9,"COMPLETE","DELIVERED"
74,1532,"2022-01-22 03:14:49",80,22,55.28,2,16,46,"COMPLETE",
74,1532,"2022-01-22 03:14:49",80,22,79.78,2,16,17,"COMPLETE",
74,1532,"2022-01-22 03:14:49",80,22,13.97,1,16,15,"COMPLETE",
74,1679,"2022-02-13 16:58:46",58,0,114.84,3,16,6,"COMPLETE",
74,1679,"2022-02-13 16:58:46",58,0,118.04,4,16,37,"COMPLETE",
74,1679,"2022-02-13 16:58:46",58,0,132.51,3,16,4,"COMPLETE",
75,825,"2021-09-21 09:25:10",203,142,39.91,1,1,27,"COMPLETE","DELIVERED"
75,825,"2021-09-21 09:25:10",203,142,39.2,4,1,25,"COMPLETE","DELIVERED"
75,853,"2021-09-26 13:59:46",198,137,37.34,1,1,30,"COMPLETE","DELIVERED"
75,853,"2021-09-26 13:59:46",198,137,20.22,2,1,42,"COMPLETE","DELIVERED"
75,853,"2021-09-26 13:59:46",198,137,56.42,2,1,20,"COMPLETE","DELIVERED"
75,1156,"2021-11-21 13:01:41",142,81,174.84,4,1,5,"COMPLETE","DELIVERED"
75,1156,"2021-11-21 13:01:41",142,81,196.6,5,1,44,"COMPLETE","DELIVERED"
75,1156,"2021-11-21 13:01:41",142,81,30.99,3,1,23,"COMPLETE","DELIVERED"
75,1559,"2022-01-25 05:16:00",77,16,55.88,4,17,15,"COMPLETE",
75,1559,"2022-01-25 05:16:00",77,16,58.74,3,17,8,"COMPLETE",
75,1585,"2022-01-28 21:24:05",74,13,66.68,4,17,3,"COMPLETE",
75,1585,"2022-01-28 21:24:05",74,13,48.92,2,17,18,"COMPLETE",
75,1662,"2022-02-10 15:01:58",61,0,78.64,2,1,44,"COMPLETE","DELIVERED"
75,1662,"2022-02-10 15:01:58",61,0,146.25,3,1,26,"COMPLETE","DELIVERED"
76,119,"2021-04-09 22:19:40",368,302,45.96,2,1,38,"COMPLETE","DELIVERED"
76,119,"2021-04-09 22:19:40",368,302,147.75,5,1,2,"COMPLETE","DELIVERED"
76,735,"2021-09-04 08:51:57",220,154,119.73,3,1,27,"COMPLETE","DELIVERED"
76,735,"2021-09-04 08:51:57",220,154,74.13,3,1,29,"COMPLETE","DELIVERED"
76,779,"2021-09-11 05:42:57",213,147,97.5,2,1,26,"COMPLETE","DELIVERED"
76,779,"2021-09-11 05:42:57",213,147,39.32,1,1,44,"COMPLETE","DELIVERED"
76,779,"2021-09-11 05:42:57",213,147,111,3,1,33,"COMPLETE","DELIVERED"
76,1407,"2022-01-03 03:05:21",99,33,10.48,1,18,12,"COMPLETE",
76,1407,"2022-01-03 03:05:21",99,33,105.8,5,18,9,"COMPLETE",
76,1407,"2022-01-03 03:05:21",99,33,84.63,3,18,20,"COMPLETE",
76,1633,"2022-02-05 05:09:36",66,0,27.94,2,18,15,"COMPLETE",
76,1633,"2022-02-05 05:09:36",66,0,44,4,18,39,"COMPLETE",
77,242,"2021-05-09 03:41:28",338,312,97.84,4,1,18,"COMPLETE","DELIVERED"
77,354,"2021-06-10 22:32:36",306,280,157.28,4,1,44,"COMPLETE","DELIVERED"
77,354,"2021-06-10 22:32:36",306,280,30.33,3,1,42,"COMPLETE","DELIVERED"
77,834,"2021-09-22 16:45:34",202,176,31.44,3,1,12,"COMPLETE","DELIVERED"
77,834,"2021-09-22 16:45:34",202,176,126.72,4,1,45,"COMPLETE","DELIVERED"
77,879,"2021-10-01 22:15:47",193,167,34.64,4,1,41,"COMPLETE","DELIVERED"
77,879,"2021-10-01 22:15:47",193,167,83.2,5,1,43,"COMPLETE","DELIVERED"
77,1353,"2021-12-25 10:24:47",108,82,117.96,4,1,10,"COMPLETE","DELIVERED"
77,1353,"2021-12-25 10:24:47",108,82,176.68,4,1,4,"COMPLETE","DELIVERED"
77,1353,"2021-12-25 10:24:47",108,82,20.66,2,1,23,"COMPLETE","DELIVERED"
77,1657,"2022-02-09 20:47:37",62,36,30.99,3,1,23,"COMPLETE","DELIVERED"
77,1790,"2022-03-06 12:36:19",37,11,19.6,2,19,25,"COMPLETE",
77,1790,"2022-03-06 12:36:19",37,11,14.36,2,19,35,"COMPLETE",
77,1790,"2022-03-06 12:36:19",37,11,123.55,5,19,29,"COMPLETE",
77,1829,"2022-03-14 00:33:04",29,3,43.02,3,19,19,"COMPLETE",
77,1829,"2022-03-14 00:33:04",29,3,49.42,2,19,29,"COMPLETE",
77,1853,"2022-03-17 23:26:43",26,0,20.48,2,19,28,"COMPLETE",
77,1853,"2022-03-17 23:26:43",26,0,30.99,3,19,23,"COMPLETE",
78,379,"2021-06-16 21:28:59",300,257,44,4,1,39,"COMPLETE","DELIVERED"
78,379,"2021-06-16 21:28:59",300,257,52.4,5,1,12,"COMPLETE","DELIVERED"
78,702,"2021-08-30 12:47:39",225,182,19.6,2,1,25,"COMPLETE","DELIVERED"
78,702,"2021-08-30 12:47:39",225,182,27.94,2,1,15,"COMPLETE","DELIVERED"
78,711,"2021-08-31 12:31:44",224,181,102.18,3,1,40,"COMPLETE","DELIVERED"
78,1073,"2021-11-06 12:02:08",157,114,157.28,4,1,44,"COMPLETE","DELIVERED"
78,1760,"2022-02-28 19:51:10",43,0,52.28,2,20,14,"COMPLETE",
78,1760,"2022-02-28 19:51:10",43,0,12.64,1,20,13,"COMPLETE",
78,1760,"2022-02-28 19:51:10",43,0,33.34,2,20,3,"COMPLETE",
79,464,"2021-07-05 09:31:59",281,262,196.6,5,1,44,"COMPLETE","DELIVERED"
79,758,"2021-09-08 14:07:25",216,197,39.2,4,1,25,"COMPLETE","DELIVERED"
79,758,"2021-09-08 14:07:25",216,197,39.27,3,1,16,"COMPLETE","DELIVERED"
79,758,"2021-09-08 14:07:25",216,197,39.32,1,1,44,"COMPLETE","DELIVERED"
79,1756,"2022-02-28 04:08:00",43,24,39.16,1,21,46,"COMPLETE",
79,1756,"2022-02-28 04:08:00",43,24,33.34,2,21,3,"COMPLETE",
79,1815,"2022-03-10 09:42:56",33,14,33,3,21,39,"COMPLETE",
79,1815,"2022-03-10 09:42:56",33,14,71.7,5,21,19,"COMPLETE",
79,1815,"2022-03-10 09:42:56",33,14,17.32,2,21,41,"COMPLETE",
79,1882,"2022-03-24 14:39:17",19,0,48.92,2,21,18,"COMPLETE",
79,1882,"2022-03-24 14:39:17",19,0,66.56,4,21,43,"COMPLETE",
79,1882,"2022-03-24 14:39:17",19,0,48.39,1,21,24,"COMPLETE",
80,22,"2021-03-01 22:55:29",407,390,58.98,2,1,10,"COMPLETE","DELIVERED"
80,22,"2021-03-01 22:55:29",407,390,186.7,5,1,30,"COMPLETE","DELIVERED"
80,72,"2021-03-26 21:12:19",382,365,199.55,5,1,27,"COMPLETE","DELIVERED"
80,72,"2021-03-26 21:12:19",382,365,159.56,4,1,17,"COMPLETE","DELIVERED"
80,300,"2021-05-25 11:57:11",322,305,66.68,4,1,3,"COMPLETE","DELIVERED"
80,300,"2021-05-25 11:57:11",322,305,88.47,3,1,10,"COMPLETE","DELIVERED"
80,1841,"2022-03-15 21:34:58",28,11,97.5,2,22,26,"COMPLETE",
80,1892,"2022-03-26 21:14:20",17,0,199.45,5,22,17,"COMPLETE",
81,24,"2021-03-02 15:53:19",406,11,48.75,1,1,26,"COMPLETE","DELIVERED"
81,24,"2021-03-02 15:53:19",406,11,29.49,1,1,10,"COMPLETE","DELIVERED"
81,45,"2021-03-13 14:51:24",395,0,186.7,5,1,30,"COMPLETE","DELIVERED"
81,45,"2021-03-13 14:51:24",395,0,61.38,2,1,11,"COMPLETE","DELIVERED"
82,587,"2021-08-06 00:40:22",249,180,119.73,3,1,27,"COMPLETE","DELIVERED"
82,587,"2021-08-06 00:40:22",249,180,40.96,4,1,28,"COMPLETE","DELIVERED"
82,1616,"2022-02-02 18:09:45",69,0,39.2,4,1,25,"COMPLETE","DELIVERED"
82,1616,"2022-02-02 18:09:45",69,0,10.33,1,1,23,"COMPLETE","DELIVERED"
83,1415,"2022-01-04 16:01:37",98,27,117.96,3,1,44,"COMPLETE","DELIVERED"
83,1599,"2022-01-31 05:36:59",71,0,10.11,1,1,42,"COMPLETE","DELIVERED"
83,1599,"2022-01-31 05:36:59",71,0,79.78,2,1,17,"COMPLETE","DELIVERED"
83,1599,"2022-01-31 05:36:59",71,0,76.68,2,1,21,"COMPLETE","DELIVERED"
84,56,"2021-03-17 09:37:37",391,113,88.65,3,1,2,"COMPLETE","DELIVERED"
84,476,"2021-07-08 14:57:29",278,0,65.45,5,1,16,"COMPLETE","DELIVERED"
84,476,"2021-07-08 14:57:29",278,0,195.8,5,1,46,"COMPLETE","DELIVERED"
85,816,"2021-09-19 15:07:32",205,92,19.58,1,1,8,"COMPLETE","DELIVERED"
85,816,"2021-09-19 15:07:32",205,92,117.96,4,1,10,"COMPLETE","DELIVERED"
85,1323,"2021-12-20 01:53:48",113,0,28.68,2,1,19,"COMPLETE","DELIVERED"
85,1323,"2021-12-20 01:53:48",113,0,45.96,2,1,38,"COMPLETE","DELIVERED"
86,68,"2021-03-23 06:23:19",385,328,98.84,4,1,29,"COMPLETE","DELIVERED"
86,68,"2021-03-23 06:23:19",385,328,78.32,4,1,8,"COMPLETE","DELIVERED"
86,1522,"2022-01-21 03:50:28",81,24,42.32,2,1,9,"COMPLETE","DELIVERED"
86,1684,"2022-02-14 09:50:37",57,0,98.84,4,1,29,"COMPLETE","DELIVERED"
86,1684,"2022-02-14 09:50:37",57,0,38.32,2,1,7,"COMPLETE","DELIVERED"
87,333,"2021-06-04 01:07:45",312,303,114.9,5,1,38,"COMPLETE","DELIVERED"
87,333,"2021-06-04 01:07:45",312,303,112.02,3,1,30,"COMPLETE","DELIVERED"
87,562,"2021-07-30 19:18:50",256,247,97.9,5,1,8,"COMPLETE","DELIVERED"
87,562,"2021-07-30 19:18:50",256,247,26.14,1,1,14,"COMPLETE","DELIVERED"
87,668,"2021-08-23 06:46:28",232,223,85.77,3,1,31,"COMPLETE","DELIVERED"
87,668,"2021-08-23 06:46:28",232,223,78.42,3,1,14,"COMPLETE","DELIVERED"
87,1426,"2022-01-06 14:22:41",96,87,8.66,1,1,41,"COMPLETE","DELIVERED"
87,1897,"2022-03-27 23:34:52",16,7,78.42,3,23,14,"COMPLETE",
87,1897,"2022-03-27 23:34:52",16,7,33,3,23,39,"COMPLETE",
87,1916,"2022-04-01 05:27:32",11,2,63.36,2,23,45,"COMPLETE",
87,1916,"2022-04-01 05:27:32",11,2,114.84,3,23,6,"COMPLETE",
87,1925,"2022-04-03 14:02:33",9,0,117.96,3,23,44,"COMPLETE",
88,482,"2021-07-09 06:10:25",277,75,28.72,4,1,35,"COMPLETE","DELIVERED"
88,482,"2021-07-09 06:10:25",277,75,63.36,2,1,45,"COMPLETE","DELIVERED"
88,482,"2021-07-09 06:10:25",277,75,79.56,2,1,22,"COMPLETE","DELIVERED"
88,835,"2021-09-22 19:44:46",202,0,30.72,3,1,28,"COMPLETE","DELIVERED"
89,317,"2021-05-31 20:01:21",316,227,41.92,4,1,12,"COMPLETE","DELIVERED"
89,677,"2021-08-23 23:26:29",232,143,118.04,4,2,37,"COMPLETE",
89,1472,"2022-01-13 06:54:37",89,0,148,4,2,33,"COMPLETE",
89,1472,"2022-01-13 06:54:37",89,0,93.28,4,2,34,"COMPLETE",
90,155,"2021-04-20 01:52:47",357,277,193.56,4,1,24,"COMPLETE","DELIVERED"
90,155,"2021-04-20 01:52:47",357,277,55,5,1,39,"COMPLETE","DELIVERED"
90,875,"2021-10-01 02:31:38",193,113,91.92,4,1,38,"COMPLETE","DELIVERED"
90,875,"2021-10-01 02:31:38",193,113,136.24,4,1,40,"COMPLETE","DELIVERED"
90,1018,"2021-10-27 12:52:15",167,87,114.84,3,1,6,"COMPLETE","DELIVERED"
90,1018,"2021-10-27 12:52:15",167,87,41.92,4,1,12,"COMPLETE","DELIVERED"
90,1050,"2021-11-01 22:02:13",162,82,63.36,2,3,45,"COMPLETE",
90,1050,"2021-11-01 22:02:13",162,82,79.56,2,3,22,"COMPLETE",
90,1536,"2022-01-22 15:42:06",80,0,44.17,1,1,4,"COMPLETE","DELIVERED"
91,108,"2021-04-07 03:36:13",370,290,40.96,4,1,28,"CANCELLED",
91,108,"2021-04-07 03:36:13",370,290,157.28,4,1,44,"CANCELLED",
91,108,"2021-04-07 03:36:13",370,290,126.72,4,1,45,"CANCELLED",
91,898,"2021-10-06 20:22:00",188,108,48.75,1,4,26,"COMPLETE",
91,1003,"2021-10-25 06:53:54",169,89,39.32,1,1,44,"COMPLETE","DELIVERED"
91,1057,"2021-11-03 06:05:53",160,80,88.53,3,4,37,"COMPLETE",
91,1057,"2021-11-03 06:05:53",160,80,174.84,4,4,5,"COMPLETE",
91,1406,"2022-01-03 03:03:15",99,19,110.56,4,4,46,"COMPLETE",
91,1406,"2022-01-03 03:03:15",99,19,74.68,2,4,30,"COMPLETE",
91,1537,"2022-01-22 17:35:03",80,0,117.96,3,1,44,"COMPLETE","DELIVERED"
91,1537,"2022-01-22 17:35:03",80,0,95.8,5,1,7,"COMPLETE","DELIVERED"
91,1537,"2022-01-22 17:35:03",80,0,39.89,1,1,17,"COMPLETE","DELIVERED"
92,1010,"2021-10-26 12:19:34",168,106,241.95,5,1,24,"COMPLETE","DELIVERED"
92,1010,"2021-10-26 12:19:34",168,106,159.12,4,1,22,"COMPLETE","DELIVERED"
92,1091,"2021-11-08 22:18:17",155,93,69.96,3,5,34,"COMPLETE",
92,1091,"2021-11-08 22:18:17",155,93,25.28,2,5,13,"COMPLETE",
92,1165,"2021-11-23 21:33:20",140,78,191.4,5,1,6,"COMPLETE","DELIVERED"
92,1165,"2021-11-23 21:33:20",140,78,245.6,5,1,36,"COMPLETE","DELIVERED"
92,1259,"2021-12-09 20:37:30",124,62,78.32,4,1,8,"COMPLETE","DELIVERED"
92,1259,"2021-12-09 20:37:30",124,62,66.68,4,1,3,"COMPLETE","DELIVERED"
92,1652,"2022-02-09 11:42:41",62,0,39.27,3,1,16,"COMPLETE","DELIVERED"
93,187,"2021-04-26 23:30:23",351,257,119.73,3,1,27,"COMPLETE","DELIVERED"
93,187,"2021-04-26 23:30:23",351,257,76.64,4,1,7,"COMPLETE","DELIVERED"
93,554,"2021-07-29 03:07:41",257,163,110.56,4,1,46,"COMPLETE","DELIVERED"
93,554,"2021-07-29 03:07:41",257,163,10.33,1,1,23,"COMPLETE","DELIVERED"
93,1276,"2021-12-12 13:46:28",121,27,39.16,2,6,8,"COMPLETE",
93,1276,"2021-12-12 13:46:28",121,27,13.09,1,6,16,"COMPLETE",
93,1442,"2022-01-08 20:24:31",94,0,130.7,5,6,14,"COMPLETE",
93,1442,"2022-01-08 20:24:31",94,0,147.55,5,6,37,"COMPLETE",
94,102,"2021-04-04 02:37:24",373,313,122.3,5,1,18,"COMPLETE","DELIVERED"
94,102,"2021-04-04 02:37:24",373,313,66.68,4,1,3,"COMPLETE","DELIVERED"
94,236,"2021-05-06 23:38:16",341,281,22.98,1,1,38,"COMPLETE","DELIVERED"
94,1179,"2021-11-27 10:50:21",136,76,30.33,3,1,42,"CANCELLED",
94,1179,"2021-11-27 10:50:21",136,76,220.85,5,1,4,"CANCELLED",
94,1179,"2021-11-27 10:50:21",136,76,29.51,1,1,37,"CANCELLED",
94,1665,"2022-02-11 12:40:18",60,0,132.51,3,7,4,"COMPLETE",
94,1665,"2022-02-11 12:40:18",60,0,59.02,2,7,37,"COMPLETE",
95,244,"2021-05-09 13:13:11",338,194,30.69,1,1,11,"COMPLETE","DELIVERED"
95,244,"2021-05-09 13:13:11",338,194,26.18,2,1,16,"COMPLETE","DELIVERED"
95,969,"2021-10-18 13:12:40",176,32,39.27,3,8,16,"COMPLETE",
95,969,"2021-10-18 13:12:40",176,32,41.91,3,8,15,"COMPLETE",
95,1144,"2021-11-19 03:13:41",144,0,23.32,1,1,34,"COMPLETE","DELIVERED"
95,1144,"2021-11-19 03:13:41",144,0,83.35,5,1,3,"COMPLETE","DELIVERED"
96,70,"2021-03-24 10:38:02",384,220,30.99,3,1,23,"COMPLETE","DELIVERED"
96,70,"2021-03-24 10:38:02",384,220,112.02,3,1,30,"COMPLETE","DELIVERED"
96,1037,"2021-10-30 16:39:41",164,0,38.32,2,9,7,"COMPLETE",
96,1037,"2021-10-30 16:39:41",164,0,149.36,4,9,30,"COMPLETE",
97,568,"2021-08-01 05:44:28",254,133,63.36,2,1,45,"COMPLETE","DELIVERED"
97,568,"2021-08-01 05:44:28",254,133,153.36,4,1,21,"COMPLETE","DELIVERED"
97,568,"2021-08-01 05:44:28",254,133,112.02,3,1,30,"COMPLETE","DELIVERED"
97,694,"2021-08-28 14:32:05",227,106,16.64,1,1,43,"COMPLETE","DELIVERED"
97,694,"2021-08-28 14:32:05",227,106,44,4,1,39,"COMPLETE","DELIVERED"
97,870,"2021-09-30 03:30:18",194,73,88.65,3,1,2,"COMPLETE","DELIVERED"
97,870,"2021-09-30 03:30:18",194,73,84.63,3,1,20,"COMPLETE","DELIVERED"
97,1277,"2021-12-12 14:46:29",121,0,153.12,4,10,6,"COMPLETE",
97,1277,"2021-12-12 14:46:29",121,0,88.53,3,10,37,"COMPLETE",
98,215,"2021-05-02 20:47:37",345,216,35.9,5,1,35,"COMPLETE","DELIVERED"
98,215,"2021-05-02 20:47:37",345,216,50.01,3,1,3,"COMPLETE","DELIVERED"
98,215,"2021-05-02 20:47:37",345,216,37,1,1,33,"COMPLETE","DELIVERED"
98,632,"2021-08-15 14:32:01",240,111,153.36,4,1,21,"COMPLETE","DELIVERED"
98,632,"2021-08-15 14:32:01",240,111,29.55,1,1,2,"COMPLETE","DELIVERED"
98,900,"2021-10-07 00:50:41",187,58,76.56,2,11,6,"COMPLETE",
98,900,"2021-10-07 00:50:41",187,58,95.04,3,11,45,"COMPLETE",
98,900,"2021-10-07 00:50:41",187,58,59.1,2,11,2,"COMPLETE",
98,1225,"2021-12-04 14:06:05",129,0,196.6,5,1,44,"COMPLETE","DELIVERED"
99,13,"2021-02-24 11:44:43",412,309,156.64,4,1,46,"COMPLETE","DELIVERED"
99,781,"2021-09-11 21:40:57",213,110,28.68,2,1,19,"COMPLETE","DELIVERED"
99,781,"2021-09-11 21:40:57",213,110,33.34,2,1,3,"COMPLETE","DELIVERED"
99,867,"2021-09-29 19:57:16",195,92,153.36,4,1,21,"COMPLETE","DELIVERED"
99,1027,"2021-10-28 20:59:44",166,63,48.92,2,1,18,"REFUNDED","DELIVERED"
99,1027,"2021-10-28 20:59:44",166,63,41.92,4,1,12,"REFUNDED","DELIVERED"
99,1027,"2021-10-28 20:59:44",166,63,56.42,2,1,20,"REFUNDED","DELIVERED"
99,1380,"2021-12-30 16:09:22",103,0,38.34,1,12,21,"COMPLETE",
100,148,"2021-04-17 18:04:22",360,281,119.34,3,1,22,"COMPLETE","DELIVERED"
100,409,"2021-06-22 14:37:40",294,215,14.34,1,1,19,"COMPLETE","DELIVERED"
100,409,"2021-06-22 14:37:40",294,215,153.36,4,1,21,"COMPLETE","DELIVERED"
100,664,"2021-08-22 14:35:01",233,154,10.33,1,1,23,"COMPLETE","DELIVERED"
100,823,"2021-09-20 13:41:09",204,125,33,3,1,39,"COMPLETE","DELIVERED"
100,1002,"2021-10-25 01:30:25",169,90,88.53,3,1,37,"COMPLETE","DELIVERED"
100,1002,"2021-10-25 01:30:25",169,90,176.68,4,1,4,"COMPLETE","DELIVERED"
100,1161,"2021-11-22 05:39:48",141,62,11.3,2,1,32,"COMPLETE","DELIVERED"
100,1470,"2022-01-13 05:49:16",89,10,37,1,13,33,"COMPLETE",
100,1542,"2022-01-23 08:03:44",79,0,8.66,1,13,41,"COMPLETE",
100,1542,"2022-01-23 08:03:44",79,0,74.68,2,13,30,"COMPLETE",
100,1542,"2022-01-23 08:03:44",79,0,170.3,5,13,40,"COMPLETE",
101,14,"2021-02-24 17:50:02",412,365,28.59,1,1,31,"COMPLETE","DELIVERED"
101,263,"2021-05-15 09:16:01",332,285,42.32,2,1,9,"COMPLETE","DELIVERED"
101,263,"2021-05-15 09:16:01",332,285,118.2,4,1,2,"COMPLETE","DELIVERED"
101,263,"2021-05-15 09:16:01",332,285,26.18,2,1,16,"COMPLETE","DELIVERED"
101,574,"2021-08-02 22:50:44",253,206,30.33,3,1,42,"COMPLETE","DELIVERED"
101,574,"2021-08-02 22:50:44",253,206,123.55,5,1,29,"COMPLETE","DELIVERED"
101,1311,"2021-12-18 02:25:38",115,68,118.2,4,14,2,"COMPLETE",
101,1311,"2021-12-18 02:25:38",115,68,88.34,2,14,4,"COMPLETE",
101,1733,"2022-02-24 14:14:50",47,0,126.72,4,14,45,"COMPLETE",
102,285,"2021-05-22 13:23:59",325,249,63.36,2,1,45,"COMPLETE","DELIVERED"
102,353,"2021-06-10 11:55:59",306,230,40.96,4,1,28,"COMPLETE","DELIVERED"
102,820,"2021-09-19 23:57:34",205,129,27.94,2,1,15,"COMPLETE","DELIVERED"
102,820,"2021-09-19 23:57:34",205,129,131.13,3,1,5,"COMPLETE","DELIVERED"
102,1239,"2021-12-06 10:46:20",127,51,78.42,3,15,14,"COMPLETE",
102,1239,"2021-12-06 10:46:20",127,51,145.17,3,15,24,"COMPLETE",
102,1372,"2021-12-28 20:10:08",105,29,78.42,3,15,14,"COMPLETE",
102,1372,"2021-12-28 20:10:08",105,29,37.92,3,15,13,"COMPLETE",
102,1530,"2022-01-21 21:21:02",81,5,40.44,4,15,42,"COMPLETE",
102,1572,"2022-01-26 15:14:22",76,0,39.16,2,1,8,"COMPLETE","DELIVERED"
102,1572,"2022-01-26 15:14:22",76,0,147.55,5,1,37,"COMPLETE","DELIVERED"
103,726,"2021-09-03 05:47:05",221,159,57.36,4,1,19,"COMPLETE","DELIVERED"
103,726,"2021-09-03 05:47:05",221,159,10.24,1,1,28,"COMPLETE","DELIVERED"
103,910,"2021-10-08 15:12:20",186,124,98.84,4,1,29,"COMPLETE","DELIVERED"
103,910,"2021-10-08 15:12:20",186,124,149.36,4,1,30,"COMPLETE","DELIVERED"
103,1351,"2021-12-25 06:20:57",108,46,24.46,1,16,18,"COMPLETE",
103,1650,"2022-02-09 04:38:02",62,0,21.54,3,16,35,"COMPLETE",
103,1650,"2022-02-09 04:38:02",62,0,30.72,3,16,28,"COMPLETE",
104,271,"2021-05-18 10:45:24",329,272,111,3,1,33,"COMPLETE","DELIVERED"
104,271,"2021-05-18 10:45:24",329,272,78.42,3,1,14,"COMPLETE","DELIVERED"
104,271,"2021-05-18 10:45:24",329,272,56.42,2,1,20,"COMPLETE","DELIVERED"
104,1072,"2021-11-06 07:49:52",157,100,245.6,5,1,36,"COMPLETE","DELIVERED"
104,1072,"2021-11-06 07:49:52",157,100,59.1,2,1,2,"COMPLETE","DELIVERED"
104,1090,"2021-11-08 17:53:56",155,98,49.92,3,1,43,"COMPLETE","DELIVERED"
104,1388,"2021-12-31 07:33:35",102,45,71.7,5,1,19,"COMPLETE","DELIVERED"
104,1388,"2021-12-31 07:33:35",102,45,37.92,3,1,13,"COMPLETE","DELIVERED"
104,1440,"2022-01-08 16:31:08",94,37,38.32,2,1,7,"COMPLETE","DELIVERED"
104,1440,"2022-01-08 16:31:08",94,37,198.9,5,1,22,"COMPLETE","DELIVERED"
104,1440,"2022-01-08 16:31:08",94,37,55.88,4,1,15,"COMPLETE","DELIVERED"
104,1681,"2022-02-14 02:41:48",57,0,27.94,2,17,15,"COMPLETE",
104,1681,"2022-02-14 02:41:48",57,0,20.66,2,17,23,"COMPLETE",
105,224,"2021-05-04 19:01:34",343,283,87.42,2,1,5,"COMPLETE","DELIVERED"
105,224,"2021-05-04 19:01:34",343,283,59.02,2,1,37,"COMPLETE","DELIVERED"
105,224,"2021-05-04 19:01:34",343,283,85.77,3,1,31,"COMPLETE","DELIVERED"
105,486,"2021-07-11 05:43:23",275,215,25.98,3,1,41,"COMPLETE","DELIVERED"
105,486,"2021-07-11 05:43:23",275,215,44.17,1,1,4,"COMPLETE","DELIVERED"
105,555,"2021-07-29 05:46:33",257,197,158.4,5,1,45,"COMPLETE","DELIVERED"
105,555,"2021-07-29 05:46:33",257,197,57.18,2,1,31,"COMPLETE","DELIVERED"
105,645,"2021-08-18 09:00:02",237,177,26.18,2,1,16,"COMPLETE","DELIVERED"
105,645,"2021-08-18 09:00:02",237,177,97.9,5,1,8,"COMPLETE","DELIVERED"
105,1118,"2021-11-15 06:19:04",148,88,88.34,2,1,4,"COMPLETE","DELIVERED"
105,1118,"2021-11-15 06:19:04",148,88,7.18,1,1,35,"COMPLETE","DELIVERED"
105,1663,"2022-02-11 03:26:54",60,0,57.18,2,18,31,"COMPLETE",
105,1663,"2022-02-11 03:26:54",60,0,20.66,2,18,23,"COMPLETE",
106,10,"2021-02-23 14:02:10",413,392,116.6,5,1,34,"COMPLETE","DELIVERED"
106,10,"2021-02-23 14:02:10",413,392,119.73,3,1,27,"COMPLETE","DELIVERED"
106,10,"2021-02-23 14:02:10",413,392,131.13,3,1,5,"COMPLETE","DELIVERED"
106,123,"2021-04-10 08:05:01",367,346,14.34,1,1,19,"COMPLETE","DELIVERED"
106,123,"2021-04-10 08:05:01",367,346,22,2,1,39,"COMPLETE","DELIVERED"
106,123,"2021-04-10 08:05:01",367,346,50.55,5,1,42,"COMPLETE","DELIVERED"
